Seconds	System	CPU	AUX	HD0	Core 0	Core 1	3Vsb	Vbat	Vcore	+12V	AVcc	3Vcc
54547	41.0	41.0	49.0	43.0	41.0	38.0	3.34	3.23	1.1	7.23	3.38	3.38
54550	41.0	41.0	49.0	43.0	41.0	38.0	3.34	3.23	1.1	7.23	3.38	3.38
54553	41.0	41.0	49.0	43.0	41.0	38.0	3.34	3.23	1.1	7.23	3.38	3.38
54556	41.0	41.0	49.0	43.0	41.0	38.0	3.34	3.23	1.1	7.23	3.38	3.38
54559	41.0	41.0	49.0	43.0	41.0	38.0	3.34	3.23	1.1	7.23	3.38	3.38
54562	41.0	41.0	52.5	43.0	44.0	38.0	3.34	3.23	1.1	7.23	3.38	3.38
54565	41.0	41.0	51.5	43.0	41.0	38.0	3.34	3.23	1.1	7.23	3.38	3.38
54568	41.0	41.0	49.5	43.0	41.0	38.0	3.34	3.23	1.1	7.23	3.38	3.38
54571	41.0	41.0	49.0	43.0	41.0	38.0	3.34	3.23	1.1	7.23	3.38	3.38
54574	41.0	41.0	49.0	43.0	41.0	38.0	3.34	3.23	1.1	7.23	3.38	3.38
54577	41.0	41.0	49.0	43.0	41.0	38.0	3.34	3.23	1.1	7.23	3.38	3.38
54580	41.0	41.0	49.0	43.0	41.0	38.0	3.34	3.23	1.1	7.23	3.38	3.38
54583	41.0	41.0	49.0	43.0	41.0	38.0	3.34	3.23	1.1	7.23	3.38	3.38
54586	41.0	41.0	49.0	43.0	41.0	38.0	3.34	3.23	1.1	7.23	3.38	3.38
54590	41.0	41.0	49.0	43.0	41.0	38.0	3.34	3.23	1.1	7.23	3.38	3.38
54593	41.0	41.0	49.0	43.0	41.0	38.0	3.34	3.23	1.1	7.23	3.38	3.38
54596	41.0	41.0	49.0	43.0	41.0	38.0	3.34	3.23	1.1	7.23	3.38	3.38
54599	41.0	41.0	48.5	43.0	41.0	38.0	3.34	3.23	1.1	7.23	3.38	3.38
54602	41.0	41.0	49.0	43.0	41.0	38.0	3.34	3.23	1.1	7.23	3.38	3.38
54605	41.0	41.0	49.0	43.0	41.0	38.0	3.34	3.23	1.1	7.23	3.38	3.38
54608	41.0	41.0	49.0	43.0	41.0	38.0	3.34	3.23	1.1	7.23	3.38	3.38
54611	41.0	41.0	48.5	43.0	41.0	38.0	3.34	3.23	1.1	7.23	3.38	3.38
54614	41.0	41.0	49.0	43.0	41.0	38.0	3.34	3.23	1.1	7.23	3.38	3.38
54617	41.0	41.0	48.5	43.0	41.0	38.0	3.34	3.23	1.1	7.23	3.38	3.38
54620	41.0	41.0	49.0	43.0	41.0	38.0	3.34	3.23	1.1	7.23	3.38	3.38
54623	41.0	41.0	48.5	43.0	41.0	38.0	3.34	3.23	1.1	7.23	3.38	3.38
54626	41.0	41.0	50.0	43.0	41.0	38.0	3.34	3.23	1.1	7.23	3.38	3.38
54629	45.0	45.0	53.0	43.0	41.0	38.0	3.34	3.23	1.1	7.23	3.38	3.38
54632	41.0	41.0	49.0	43.0	41.0	38.0	3.34	3.23	1.1	7.23	3.38	3.38
54635	41.0	41.0	49.0	43.0	41.0	38.0	3.34	3.23	1.1	7.23	3.38	3.38
54638	41.0	41.0	49.0	43.0	41.0	38.0	3.34	3.23	1.1	7.23	3.38	3.38
54641	41.0	41.0	49.0	43.0	41.0	38.0	3.34	3.23	1.1	7.23	3.38	3.38
54645	41.0	41.0	49.0	43.0	41.0	38.0	3.34	3.23	1.1	7.23	3.38	3.38
54648	41.0	41.0	49.0	43.0	41.0	38.0	3.34	3.23	1.1	7.23	3.38	3.38
54651	41.0	41.0	49.0	43.0	41.0	38.0	3.34	3.23	1.1	7.23	3.38	3.38
54654	41.0	41.0	49.0	43.0	41.0	38.0	3.34	3.23	1.1	7.23	3.38	3.38
54657	41.0	41.0	48.5	43.0	41.0	38.0	3.34	3.23	1.1	7.23	3.38	3.38
54660	41.0	41.0	48.5	43.0	41.0	38.0	3.34	3.23	1.1	7.23	3.38	3.38
54663	41.0	41.0	49.0	43.0	41.0	38.0	3.34	3.23	1.1	7.23	3.38	3.38
54666	41.0	41.0	48.5	43.0	41.0	38.0	3.34	3.23	1.1	7.23	3.38	3.38
54669	41.0	41.0	49.0	43.0	41.0	38.0	3.34	3.23	1.1	7.23	3.38	3.38
54672	41.0	41.0	48.5	43.0	41.0	38.0	3.34	3.23	1.1	7.23	3.38	3.38
54675	41.0	41.0	48.5	43.0	41.0	38.0	3.34	3.23	1.1	7.23	3.38	3.38
54678	41.0	41.0	48.5	43.0	41.0	38.0	3.34	3.23	1.1	7.23	3.38	3.38
54681	41.0	41.0	48.5	43.0	41.0	38.0	3.34	3.23	1.1	7.23	3.38	3.38
54684	41.0	41.0	48.5	43.0	41.0	38.0	3.34	3.23	1.1	7.23	3.38	3.38
54687	41.0	41.0	48.5	43.0	41.0	38.0	3.34	3.23	1.1	7.23	3.38	3.38
54690	41.0	41.0	48.5	43.0	41.0	38.0	3.34	3.23	1.1	7.23	3.38	3.38
54693	41.0	41.0	52.0	43.0	43.0	38.0	3.34	3.23	1.28	8.18	3.38	3.38
54697	44.0	44.0	50.5	43.0	41.0	38.0	3.34	3.23	1.28	8.18	3.38	3.38
54700	41.0	41.0	49.0	43.0	41.0	38.0	3.34	3.23	1.28	8.18	3.38	3.38
54703	41.0	41.0	48.5	43.0	41.0	38.0	3.34	3.23	1.28	8.18	3.38	3.38
54706	41.0	41.0	49.0	43.0	41.0	38.0	3.34	3.23	1.1	7.23	3.38	3.38
54709	41.0	41.0	49.0	43.0	41.0	38.0	3.34	3.23	1.1	7.23	3.38	3.38
54712	41.0	41.0	49.0	43.0	41.0	38.0	3.34	3.23	1.1	7.23	3.38	3.38
54715	41.0	41.0	48.5	43.0	41.0	38.0	3.34	3.23	1.1	7.23	3.38	3.38
54718	41.0	41.0	49.0	43.0	41.0	38.0	3.34	3.23	1.1	7.23	3.38	3.38
54721	41.0	41.0	48.5	43.0	41.0	38.0	3.34	3.23	1.1	7.23	3.38	3.38
54724	41.0	41.0	48.5	43.0	41.0	38.0	3.34	3.23	1.1	7.23	3.38	3.38
54727	41.0	41.0	49.0	43.0	41.0	38.0	3.34	3.23	1.1	7.23	3.38	3.38
54730	41.0	41.0	48.5	43.0	41.0	38.0	3.34	3.23	1.1	7.23	3.38	3.38
54733	41.0	41.0	48.5	43.0	41.0	38.0	3.34	3.23	1.1	7.23	3.38	3.38
54736	41.0	41.0	48.5	43.0	41.0	38.0	3.34	3.23	1.1	7.23	3.38	3.38
54739	41.0	41.0	48.5	43.0	41.0	38.0	3.34	3.23	1.1	7.23	3.38	3.38
54742	41.0	41.0	49.0	43.0	41.0	38.0	3.34	3.23	1.1	7.23	3.38	3.38
54745	41.0	41.0	48.5	43.0	41.0	38.0	3.34	3.23	1.1	7.23	3.38	3.38
54749	41.0	41.0	48.5	43.0	41.0	38.0	3.34	3.23	1.1	7.23	3.38	3.38
54752	41.0	41.0	48.5	43.0	41.0	38.0	3.34	3.23	1.1	7.23	3.38	3.38
54755	41.0	41.0	48.5	43.0	41.0	38.0	3.34	3.23	1.1	7.23	3.38	3.38
54758	44.0	44.0	50.5	43.0	44.0	38.0	3.34	3.23	1.1	7.23	3.38	3.38
54761	41.0	41.0	52.5	43.0	41.0	38.0	3.34	3.23	1.1	7.23	3.38	3.38
54764	41.0	41.0	49.0	43.0	41.0	38.0	3.34	3.23	1.1	7.23	3.38	3.38
54767	41.0	41.0	49.0	43.0	41.0	38.0	3.34	3.23	1.1	7.23	3.38	3.38
54770	41.0	41.0	49.0	43.0	41.0	38.0	3.34	3.23	1.1	7.23	3.38	3.38
54773	41.0	41.0	49.0	43.0	41.0	38.0	3.34	3.23	1.1	7.23	3.38	3.38
54776	41.0	41.0	48.5	43.0	41.0	38.0	3.34	3.23	1.1	7.23	3.38	3.38
54779	41.0	41.0	49.0	43.0	41.0	38.0	3.34	3.23	1.1	7.23	3.38	3.38
54782	41.0	41.0	48.5	43.0	41.0	38.0	3.34	3.23	1.1	7.23	3.38	3.38
54785	41.0	41.0	48.5	43.0	41.0	38.0	3.34	3.23	1.1	7.23	3.38	3.38
54788	41.0	41.0	49.0	43.0	41.0	38.0	3.34	3.23	1.1	7.23	3.38	3.38
54791	41.0	41.0	48.5	43.0	41.0	38.0	3.34	3.23	1.1	7.23	3.38	3.38
54794	41.0	41.0	48.5	43.0	41.0	38.0	3.34	3.23	1.1	7.23	3.38	3.38
54797	41.0	41.0	48.5	43.0	41.0	38.0	3.34	3.23	1.1	7.23	3.38	3.38
54800	41.0	41.0	48.5	43.0	41.0	38.0	3.34	3.23	1.1	7.23	3.38	3.38
54804	41.0	41.0	48.5	43.0	41.0	38.0	3.34	3.23	1.1	7.23	3.38	3.38
54807	41.0	41.0	48.5	43.0	41.0	38.0	3.34	3.23	1.1	7.23	3.38	3.38
54810	41.0	41.0	48.5	43.0	41.0	38.0	3.34	3.23	1.1	7.23	3.38	3.38
54813	41.0	41.0	48.5	43.0	41.0	38.0	3.34	3.23	1.1	7.23	3.38	3.38
54816	41.0	41.0	48.5	43.0	41.0	38.0	3.34	3.23	1.1	7.23	3.38	3.38
54819	41.0	41.0	48.5	43.0	41.0	38.0	3.34	3.23	1.1	7.23	3.38	3.38
54822	41.0	41.0	48.5	43.0	41.0	38.0	3.34	3.23	1.1	7.23	3.38	3.38
54825	42.0	42.0	50.5	43.0	44.0	38.0	3.34	3.23	1.1	7.23	3.38	3.38
54828	41.0	41.0	50.0	43.0	41.0	38.0	3.34	3.23	1.1	7.23	3.38	3.38
54831	41.0	41.0	49.0	43.0	41.0	38.0	3.34	3.23	1.1	7.23	3.38	3.38
54834	41.0	41.0	48.5	43.0	41.0	38.0	3.34	3.23	1.1	7.23	3.38	3.38
54837	41.0	41.0	48.5	43.0	41.0	38.0	3.34	3.23	1.1	7.23	3.38	3.38
54840	41.0	41.0	48.5	43.0	41.0	38.0	3.34	3.23	1.1	7.23	3.38	3.38
54843	41.0	41.0	49.0	43.0	41.0	38.0	3.34	3.23	1.1	7.23	3.38	3.38
54846	41.0	41.0	49.0	43.0	41.0	38.0	3.34	3.23	1.1	7.23	3.38	3.38
54849	41.0	41.0	49.0	43.0	41.0	38.0	3.34	3.23	1.1	7.23	3.38	3.38
54852	41.0	41.0	49.0	43.0	41.0	38.0	3.34	3.23	1.1	7.23	3.38	3.38
54856	41.0	41.0	49.0	43.0	41.0	38.0	3.34	3.23	1.1	7.23	3.38	3.38
54859	41.0	41.0	49.0	43.0	41.0	38.0	3.34	3.23	1.1	7.23	3.38	3.38
54862	41.0	41.0	49.0	43.0	41.0	38.0	3.34	3.23	1.1	7.23	3.38	3.38
54865	41.0	41.0	49.0	43.0	41.0	38.0	3.34	3.23	1.1	7.23	3.38	3.38
54868	41.0	41.0	49.0	43.0	41.0	38.0	3.34	3.23	1.1	7.23	3.38	3.38
54871	41.0	41.0	48.5	43.0	41.0	38.0	3.34	3.23	1.1	7.23	3.38	3.38
54874	41.0	41.0	48.5	43.0	41.0	38.0	3.34	3.23	1.1	7.23	3.38	3.38
54877	41.0	41.0	48.5	43.0	41.0	38.0	3.34	3.23	1.1	7.23	3.38	3.38
54880	41.0	41.0	48.5	43.0	41.0	38.0	3.34	3.23	1.1	7.23	3.38	3.38
54883	41.0	41.0	48.5	43.0	41.0	38.0	3.34	3.23	1.1	7.23	3.38	3.38
54886	41.0	41.0	48.5	43.0	41.0	38.0	3.34	3.23	1.1	7.23	3.38	3.38
54889	41.0	41.0	52.0	43.0	41.0	38.0	3.34	3.23	1.14	7.44	3.38	3.38
54892	44.0	44.0	51.0	43.0	41.0	38.0	3.34	3.23	1.14	7.44	3.38	3.38
54895	41.0	41.0	49.0	43.0	41.0	38.0	3.34	3.23	1.14	7.44	3.38	3.38
54898	41.0	41.0	48.5	43.0	41.0	38.0	3.34	3.23	1.14	7.44	3.38	3.38
54901	41.0	41.0	49.0	43.0	41.0	38.0	3.34	3.23	1.1	7.23	3.38	3.38
54904	41.0	41.0	49.0	43.0	41.0	38.0	3.34	3.23	1.1	7.23	3.38	3.38
54907	41.0	41.0	49.0	43.0	41.0	38.0	3.34	3.23	1.1	7.23	3.38	3.38
54911	41.0	41.0	49.0	43.0	41.0	38.0	3.34	3.23	1.1	7.23	3.38	3.38
54914	41.0	41.0	49.0	43.0	41.0	38.0	3.34	3.23	1.1	7.23	3.38	3.38
54917	41.0	41.0	48.5	43.0	41.0	38.0	3.34	3.23	1.1	7.23	3.38	3.38
54920	41.0	41.0	48.5	43.0	41.0	38.0	3.34	3.23	1.1	7.23	3.38	3.38
54923	41.0	41.0	48.5	43.0	41.0	38.0	3.34	3.23	1.1	7.23	3.38	3.38
54926	41.0	41.0	48.5	43.0	41.0	38.0	3.34	3.23	1.1	7.23	3.38	3.38
54929	41.0	41.0	48.5	43.0	41.0	38.0	3.34	3.23	1.1	7.23	3.38	3.38
54932	41.0	41.0	48.5	42.0	41.0	38.0	3.34	3.23	1.1	7.23	3.38	3.38
54935	41.0	41.0	48.5	42.0	41.0	38.0	3.34	3.23	1.1	7.23	3.38	3.38
54938	41.0	41.0	48.5	42.0	41.0	38.0	3.34	3.23	1.1	7.23	3.38	3.38
54941	41.0	41.0	48.5	42.0	41.0	38.0	3.34	3.23	1.1	7.23	3.38	3.38
54944	41.0	41.0	48.5	42.0	41.0	38.0	3.34	3.23	1.1	7.23	3.38	3.38
54947	41.0	41.0	48.5	42.0	41.0	38.0	3.34	3.23	1.1	7.23	3.38	3.38
54950	41.0	41.0	48.5	42.0	41.0	38.0	3.34	3.23	1.1	7.23	3.38	3.38
54953	41.0	41.0	48.5	42.0	41.0	38.0	3.34	3.23	1.1	7.23	3.38	3.38
54956	41.0	41.0	52.0	42.0	41.0	38.0	3.34	3.23	1.1	7.23	3.38	3.38
54959	41.0	41.0	49.5	42.0	41.0	38.0	3.34	3.23	1.1	7.23	3.38	3.38
54963	41.0	41.0	49.0	42.0	41.0	38.0	3.34	3.23	1.1	7.23	3.38	3.38
54966	41.0	41.0	49.0	42.0	41.0	38.0	3.34	3.23	1.1	7.23	3.38	3.38
54969	41.0	41.0	49.0	42.0	41.0	38.0	3.34	3.23	1.1	7.23	3.38	3.38
54972	41.0	41.0	49.0	42.0	41.0	38.0	3.34	3.23	1.1	7.23	3.38	3.38
54975	41.0	41.0	49.0	42.0	41.0	38.0	3.34	3.23	1.1	7.23	3.38	3.38
54978	41.0	41.0	48.5	42.0	41.0	38.0	3.34	3.23	1.1	7.23	3.38	3.38
54981	41.0	41.0	48.5	42.0	41.0	38.0	3.34	3.23	1.1	7.23	3.38	3.38
54984	41.0	41.0	49.0	42.0	41.0	38.0	3.34	3.23	1.1	7.23	3.38	3.38
54987	41.0	41.0	48.5	42.0	41.0	38.0	3.34	3.23	1.1	7.23	3.38	3.38
54990	41.0	41.0	48.5	42.0	41.0	38.0	3.34	3.23	1.1	7.23	3.38	3.38
54993	41.0	41.0	48.5	42.0	41.0	38.0	3.34	3.23	1.1	7.23	3.38	3.38
54996	41.0	41.0	48.5	42.0	41.0	38.0	3.34	3.23	1.1	7.23	3.38	3.38
54999	41.0	41.0	48.5	42.0	41.0	38.0	3.34	3.23	1.1	7.23	3.38	3.38
55002	41.0	41.0	49.0	42.0	41.0	38.0	3.34	3.23	1.1	7.23	3.38	3.38
55005	41.0	41.0	48.5	42.0	41.0	38.0	3.34	3.23	1.1	7.23	3.38	3.38
55008	41.0	41.0	48.5	42.0	41.0	38.0	3.34	3.23	1.1	7.23	3.38	3.38
55011	41.0	41.0	49.0	42.0	41.0	38.0	3.34	3.23	1.1	7.23	3.38	3.38
55015	41.0	41.0	48.5	42.0	41.0	38.0	3.34	3.23	1.1	7.23	3.38	3.38
55018	41.0	41.0	48.5	42.0	41.0	38.0	3.34	3.23	1.1	7.23	3.38	3.38
55021	42.0	42.0	50.5	42.0	41.0	38.0	3.34	3.23	1.1	7.23	3.38	3.38
55024	41.0	41.0	52.0	42.0	41.0	38.0	3.34	3.23	1.14	7.34	3.38	3.38
55027	41.0	41.0	49.0	42.0	41.0	38.0	3.34	3.23	1.14	7.34	3.38	3.38
55030	41.0	41.0	49.0	42.0	41.0	38.0	3.34	3.23	1.14	7.34	3.38	3.38
55033	41.0	41.0	49.0	42.0	41.0	38.0	3.34	3.23	1.14	7.34	3.38	3.38
55036	41.0	41.0	49.0	42.0	41.0	38.0	3.34	3.23	1.1	7.23	3.38	3.38
55039	41.0	41.0	48.5	42.0	41.0	38.0	3.34	3.23	1.1	7.23	3.38	3.38
55042	41.0	41.0	48.5	42.0	41.0	38.0	3.34	3.23	1.1	7.23	3.38	3.38
55045	41.0	41.0	48.5	42.0	41.0	38.0	3.34	3.23	1.1	7.23	3.38	3.38
55048	41.0	41.0	48.5	42.0	41.0	38.0	3.34	3.23	1.1	7.23	3.38	3.38
55051	41.0	41.0	48.5	42.0	41.0	38.0	3.34	3.23	1.1	7.23	3.38	3.38
55054	41.0	41.0	49.0	42.0	41.0	38.0	3.34	3.23	1.1	7.23	3.38	3.38
55057	41.0	41.0	48.5	42.0	41.0	38.0	3.34	3.23	1.1	7.23	3.38	3.38
55060	41.0	41.0	48.5	42.0	41.0	38.0	3.34	3.23	1.1	7.23	3.38	3.38
55063	41.0	41.0	48.5	42.0	41.0	38.0	3.34	3.23	1.1	7.23	3.38	3.38
55066	41.0	41.0	48.5	42.0	41.0	38.0	3.34	3.23	1.1	7.23	3.38	3.38
55070	41.0	41.0	48.5	42.0	41.0	38.0	3.34	3.23	1.1	7.23	3.38	3.38
55073	41.0	41.0	48.5	42.0	41.0	38.0	3.34	3.23	1.1	7.23	3.38	3.38
55076	41.0	41.0	48.5	42.0	41.0	38.0	3.34	3.23	1.1	7.23	3.38	3.38
55079	41.0	41.0	48.5	42.0	41.0	38.0	3.34	3.23	1.1	7.23	3.38	3.38
55082	41.0	41.0	48.5	42.0	41.0	38.0	3.34	3.23	1.1	7.23	3.38	3.38
55085	41.0	41.0	48.5	42.0	43.0	38.0	3.34	3.23	1.1	7.18	3.38	3.36
55088	41.0	41.0	52.0	42.0	41.0	38.0	3.34	3.23	1.1	7.18	3.38	3.36
55091	41.0	41.0	49.0	42.0	41.0	38.0	3.34	3.23	1.1	7.18	3.38	3.36
55094	41.0	41.0	49.0	42.0	41.0	38.0	3.34	3.23	1.1	7.18	3.38	3.36
55097	41.0	41.0	48.5	42.0	41.0	38.0	3.34	3.23	1.1	7.23	3.38	3.38
55100	41.0	41.0	49.0	42.0	41.0	38.0	3.34	3.23	1.1	7.23	3.38	3.38
55103	41.0	41.0	48.5	42.0	41.0	38.0	3.34	3.23	1.1	7.23	3.38	3.38
55106	41.0	41.0	48.5	42.0	41.0	38.0	3.34	3.23	1.1	7.23	3.38	3.38
55109	41.0	41.0	48.5	42.0	41.0	38.0	3.34	3.23	1.1	7.23	3.38	3.38
55112	41.0	41.0	49.0	42.0	41.0	38.0	3.34	3.23	1.1	7.23	3.38	3.38
55115	41.0	41.0	48.5	42.0	41.0	38.0	3.34	3.23	1.1	7.23	3.38	3.38
55118	41.0	41.0	48.5	42.0	41.0	38.0	3.34	3.23	1.1	7.23	3.38	3.38
55122	41.0	41.0	48.5	42.0	41.0	38.0	3.34	3.23	1.1	7.23	3.38	3.38
55125	41.0	41.0	48.5	42.0	41.0	38.0	3.34	3.23	1.1	7.23	3.38	3.38
55128	41.0	41.0	48.5	42.0	41.0	38.0	3.34	3.23	1.1	7.23	3.38	3.38
55131	41.0	41.0	48.5	42.0	41.0	38.0	3.34	3.23	1.1	7.23	3.38	3.38
55134	41.0	41.0	48.5	42.0	41.0	38.0	3.34	3.23	1.1	7.23	3.38	3.38
55137	41.0	41.0	48.5	42.0	41.0	38.0	3.34	3.23	1.1	7.23	3.38	3.38
55140	41.0	41.0	48.5	42.0	41.0	38.0	3.34	3.23	1.1	7.23	3.38	3.38
55143	41.0	41.0	48.5	42.0	41.0	38.0	3.34	3.23	1.1	7.23	3.38	3.38
55146	41.0	41.0	48.5	42.0	41.0	38.0	3.34	3.23	1.1	7.23	3.38	3.38
55149	41.0	41.0	48.5	42.0	41.0	38.0	3.34	3.23	1.1	7.23	3.38	3.38
55152	42.0	42.0	52.0	42.0	41.0	38.0	3.34	3.23	1.1	7.23	3.38	3.38
55155	41.0	41.0	51.0	42.0	43.0	38.0	3.34	3.23	1.1	7.23	3.38	3.38
55158	41.0	41.0	49.0	42.0	41.0	38.0	3.34	3.23	1.1	7.23	3.38	3.38
55161	41.0	41.0	48.5	42.0	41.0	38.0	3.34	3.23	1.1	7.23	3.38	3.38
55164	41.0	41.0	48.5	42.0	41.0	38.0	3.34	3.23	1.1	7.23	3.38	3.38
55167	41.0	41.0	49.0	42.0	41.0	38.0	3.34	3.23	1.1	7.23	3.38	3.38
55170	41.0	41.0	48.5	42.0	41.0	38.0	3.34	3.23	1.1	7.23	3.38	3.38
55174	41.0	41.0	48.5	42.0	41.0	38.0	3.34	3.23	1.1	7.23	3.38	3.38
55177	41.0	41.0	48.5	42.0	41.0	38.0	3.34	3.23	1.1	7.23	3.38	3.38
55180	41.0	41.0	48.5	42.0	41.0	38.0	3.34	3.23	1.1	7.23	3.38	3.38
55183	41.0	41.0	48.5	42.0	41.0	38.0	3.34	3.23	1.1	7.23	3.38	3.38
55186	41.0	41.0	48.5	42.0	41.0	38.0	3.34	3.23	1.1	7.23	3.38	3.38
55189	41.0	41.0	48.5	42.0	41.0	38.0	3.34	3.23	1.1	7.23	3.38	3.38
55192	41.0	41.0	48.5	42.0	41.0	38.0	3.34	3.23	1.1	7.23	3.38	3.38
55195	41.0	41.0	48.5	42.0	41.0	38.0	3.34	3.23	1.1	7.23	3.38	3.38
55198	41.0	41.0	48.5	42.0	41.0	38.0	3.34	3.23	1.1	7.23	3.38	3.38
55201	41.0	41.0	48.5	42.0	41.0	38.0	3.34	3.23	1.1	7.23	3.38	3.38
55204	41.0	41.0	48.5	42.0	41.0	38.0	3.34	3.23	1.1	7.23	3.38	3.38
55207	41.0	41.0	48.5	42.0	41.0	38.0	3.36	3.23	1.1	7.23	3.38	3.38
55210	41.0	41.0	48.5	42.0	41.0	38.0	3.36	3.23	1.1	7.23	3.38	3.38
55213	41.0	41.0	48.5	42.0	41.0	38.0	3.36	3.23	1.1	7.23	3.38	3.38
55216	43.0	43.0	51.5	42.0	41.0	38.0	3.36	3.23	1.1	7.23	3.38	3.38
55219	43.0	43.0	50.5	42.0	41.0	38.0	3.34	3.23	1.28	8.45	3.36	3.38
55222	41.0	41.0	49.0	42.0	41.0	38.0	3.34	3.23	1.28	8.45	3.36	3.38
55225	41.0	41.0	48.5	42.0	41.0	38.0	3.34	3.23	1.28	8.45	3.36	3.38
55229	41.0	41.0	48.5	42.0	41.0	38.0	3.34	3.23	1.28	8.45	3.36	3.38
55232	41.0	41.0	48.5	42.0	41.0	38.0	3.36	3.23	1.1	7.23	3.38	3.38
55235	41.0	41.0	48.5	42.0	41.0	38.0	3.36	3.23	1.1	7.23	3.38	3.38
55238	41.0	41.0	48.5	42.0	41.0	38.0	3.36	3.23	1.1	7.23	3.38	3.38
55241	41.0	41.0	48.5	42.0	41.0	38.0	3.36	3.23	1.1	7.23	3.38	3.38
55244	41.0	41.0	48.5	42.0	41.0	38.0	3.36	3.23	1.1	7.23	3.38	3.38
55247	41.0	41.0	48.5	42.0	41.0	38.0	3.36	3.23	1.1	7.23	3.38	3.38
55250	41.0	41.0	48.5	42.0	41.0	38.0	3.36	3.23	1.1	7.23	3.38	3.38
55253	41.0	41.0	48.5	42.0	41.0	38.0	3.36	3.23	1.1	7.23	3.38	3.38
55256	41.0	41.0	48.5	42.0	41.0	38.0	3.36	3.23	1.1	7.23	3.38	3.38
55259	41.0	41.0	48.5	42.0	41.0	38.0	3.36	3.23	1.1	7.23	3.38	3.38
55262	41.0	41.0	48.5	42.0	41.0	38.0	3.36	3.23	1.1	7.23	3.38	3.38
55265	41.0	41.0	48.5	42.0	41.0	38.0	3.36	3.23	1.1	7.23	3.38	3.38
55268	41.0	41.0	48.5	42.0	41.0	38.0	3.34	3.23	1.1	7.23	3.38	3.38
55271	41.0	41.0	48.5	42.0	41.0	38.0	3.34	3.23	1.1	7.23	3.38	3.38
55274	41.0	41.0	48.5	42.0	41.0	38.0	3.34	3.23	1.1	7.23	3.38	3.38
55277	41.0	41.0	48.5	42.0	41.0	38.0	3.34	3.23	1.1	7.23	3.38	3.38
55281	41.0	41.0	48.5	42.0	41.0	38.0	3.34	3.23	1.1	7.23	3.38	3.38
55284	43.0	43.0	52.5	42.0	43.0	38.0	3.34	3.23	1.1	7.23	3.38	3.38
55287	41.0	41.0	48.0	42.0	41.0	38.0	3.34	3.23	1.1	7.23	3.38	3.38
55290	41.0	41.0	48.0	42.0	41.0	38.0	3.34	3.23	1.1	7.23	3.38	3.38
55293	41.0	41.0	48.0	42.0	41.0	38.0	3.34	3.23	1.1	7.23	3.38	3.38
55296	41.0	41.0	48.5	42.0	41.0	38.0	3.34	3.23	1.1	7.23	3.38	3.38
55299	41.0	41.0	48.5	42.0	41.0	38.0	3.34	3.23	1.1	7.23	3.38	3.38
55302	41.0	41.0	48.5	42.0	41.0	38.0	3.34	3.23	1.1	7.23	3.38	3.38
55305	41.0	41.0	48.5	42.0	41.0	38.0	3.34	3.23	1.1	7.23	3.38	3.38
55308	41.0	41.0	48.5	42.0	41.0	38.0	3.34	3.23	1.1	7.23	3.38	3.38
55311	41.0	41.0	48.5	42.0	41.0	38.0	3.34	3.23	1.1	7.23	3.38	3.38
55314	41.0	41.0	48.5	42.0	41.0	38.0	3.34	3.23	1.1	7.23	3.38	3.38
55317	41.0	41.0	48.5	42.0	41.0	38.0	3.34	3.23	1.1	7.23	3.38	3.38
55320	41.0	41.0	48.5	42.0	41.0	38.0	3.34	3.23	1.1	7.23	3.38	3.38
55323	41.0	41.0	48.5	42.0	41.0	38.0	3.34	3.23	1.1	7.23	3.38	3.38
55326	41.0	41.0	48.5	42.0	41.0	38.0	3.34	3.23	1.1	7.23	3.38	3.38
55329	41.0	41.0	48.5	42.0	41.0	38.0	3.34	3.23	1.1	7.23	3.38	3.38
55333	41.0	41.0	48.5	42.0	41.0	38.0	3.34	3.23	1.1	7.23	3.38	3.38
55336	41.0	41.0	48.5	42.0	41.0	38.0	3.34	3.23	1.1	7.23	3.38	3.38
55339	41.0	41.0	48.5	42.0	41.0	38.0	3.34	3.23	1.1	7.23	3.38	3.38
55342	41.0	41.0	48.5	42.0	41.0	38.0	3.34	3.23	1.1	7.23	3.38	3.38
55345	41.0	41.0	48.5	42.0	41.0	38.0	3.34	3.23	1.1	7.23	3.38	3.38
55348	41.0	41.0	51.0	42.0	41.0	38.0	3.34	3.23	1.1	7.23	3.38	3.38
55351	41.0	41.0	51.0	42.0	41.0	38.0	3.34	3.23	1.1	7.23	3.38	3.38
55354	41.0	41.0	49.0	42.0	41.0	38.0	3.36	3.23	1.1	7.23	3.38	3.38
55357	41.0	41.0	48.5	42.0	41.0	38.0	3.36	3.23	1.1	7.23	3.38	3.38
55360	41.0	41.0	48.5	42.0	41.0	38.0	3.36	3.23	1.1	7.23	3.38	3.38
55363	41.0	41.0	48.5	42.0	41.0	38.0	3.36	3.23	1.1	7.23	3.38	3.38
55366	41.0	41.0	48.5	42.0	41.0	38.0	3.36	3.23	1.1	7.23	3.38	3.38
55369	41.0	41.0	48.5	42.0	41.0	38.0	3.36	3.23	1.1	7.23	3.38	3.38
55372	41.0	41.0	48.0	42.0	41.0	38.0	3.36	3.23	1.1	7.23	3.38	3.38
55375	41.0	41.0	48.5	42.0	41.0	38.0	3.36	3.23	1.1	7.23	3.38	3.38
55378	41.0	41.0	48.5	42.0	41.0	38.0	3.36	3.23	1.1	7.23	3.38	3.38
55381	41.0	41.0	48.5	42.0	41.0	38.0	3.36	3.23	1.1	7.23	3.38	3.38
55384	41.0	41.0	48.5	42.0	41.0	38.0	3.36	3.23	1.1	7.23	3.38	3.38
55388	41.0	41.0	48.5	42.0	41.0	38.0	3.36	3.23	1.1	7.23	3.38	3.38
55391	41.0	41.0	48.5	42.0	41.0	38.0	3.36	3.23	1.1	7.23	3.38	3.38
55394	41.0	41.0	48.5	42.0	41.0	38.0	3.36	3.23	1.1	7.23	3.38	3.38
55397	41.0	41.0	48.5	42.0	41.0	38.0	3.36	3.23	1.1	7.23	3.38	3.38
55400	41.0	41.0	48.5	42.0	41.0	38.0	3.36	3.23	1.1	7.23	3.38	3.38
55403	41.0	41.0	48.5	42.0	41.0	38.0	3.36	3.23	1.1	7.23	3.38	3.38
55406	41.0	41.0	48.5	42.0	41.0	38.0	3.36	3.23	1.1	7.23	3.38	3.38
55409	41.0	41.0	48.5	42.0	41.0	38.0	3.36	3.23	1.1	7.23	3.38	3.38
55412	41.0	41.0	48.5	42.0	41.0	38.0	3.36	3.23	1.1	7.23	3.38	3.38
55415	41.0	41.0	52.5	42.0	42.0	38.0	3.34	3.23	1.14	7.23	3.38	3.38
55418	41.0	41.0	49.0	42.0	41.0	38.0	3.34	3.23	1.14	7.23	3.38	3.38
55421	41.0	41.0	49.0	42.0	41.0	38.0	3.34	3.23	1.14	7.23	3.38	3.38
55424	41.0	41.0	49.0	42.0	41.0	38.0	3.34	3.23	1.14	7.23	3.38	3.38
55427	41.0	41.0	48.5	42.0	41.0	38.0	3.34	3.23	1.1	7.23	3.38	3.38
55430	41.0	41.0	49.0	42.0	41.0	38.0	3.34	3.23	1.1	7.23	3.38	3.38
55433	42.0	42.0	54.0	42.0	45.0	38.0	3.34	3.23	1.1	7.23	3.38	3.38
55436	41.0	41.0	50.5	42.0	41.0	38.0	3.34	3.23	1.1	7.23	3.38	3.38
55440	45.0	45.0	53.5	42.0	45.0	38.0	3.34	3.23	1.28	8.4	3.38	3.38
55443	43.0	43.0	54.0	42.0	43.0	39.0	3.34	3.23	1.28	8.4	3.38	3.38
55446	41.0	41.0	50.5	42.0	41.0	38.0	3.34	3.23	1.28	8.4	3.38	3.38
55449	41.0	41.0	50.0	42.0	41.0	38.0	3.34	3.23	1.28	8.4	3.38	3.38
55452	41.0	41.0	50.0	42.0	41.0	38.0	3.34	3.23	1.09	7.76	3.38	3.38
55455	41.0	41.0	50.5	42.0	41.0	38.0	3.34	3.23	1.09	7.76	3.38	3.38
55458	41.0	41.0	50.5	42.0	41.0	38.0	3.34	3.23	1.09	7.76	3.38	3.38
55461	41.0	41.0	50.0	42.0	41.0	38.0	3.34	3.23	1.09	7.76	3.38	3.38
55464	41.0	41.0	50.0	42.0	41.0	38.0	3.34	3.23	1.1	7.23	3.38	3.38
55467	41.0	41.0	50.5	42.0	41.0	38.0	3.34	3.23	1.1	7.23	3.38	3.38
55470	41.0	41.0	50.5	42.0	41.0	38.0	3.34	3.23	1.1	7.23	3.38	3.38
55473	41.0	41.0	50.5	42.0	41.0	38.0	3.34	3.23	1.1	7.23	3.38	3.38
55476	41.0	41.0	49.5	42.0	41.0	38.0	3.36	3.23	1.1	7.18	3.38	3.38
55479	43.0	43.0	54.0	42.0	44.0	38.0	3.36	3.23	1.1	7.18	3.38	3.38
55482	46.0	46.0	55.0	42.0	43.0	38.0	3.36	3.23	1.1	7.18	3.38	3.38
55485	41.0	41.0	51.0	42.0	41.0	38.0	3.36	3.23	1.1	7.18	3.38	3.38
55488	41.0	41.0	51.5	42.0	41.0	38.0	3.34	3.23	1.1	7.23	3.38	3.38
55492	41.0	41.0	52.5	42.0	41.0	38.0	3.34	3.23	1.1	7.23	3.38	3.38
55495	41.0	41.0	51.0	42.0	41.0	38.0	3.34	3.23	1.1	7.23	3.38	3.38
55498	41.0	41.0	52.5	42.0	41.0	38.0	3.34	3.23	1.1	7.23	3.38	3.38
55501	41.0	41.0	52.5	42.0	41.0	38.0	3.34	3.23	1.26	7.81	3.38	3.38
55504	41.0	41.0	52.0	42.0	41.0	38.0	3.34	3.23	1.26	7.81	3.38	3.38
55507	41.0	41.0	52.0	42.0	41.0	38.0	3.34	3.23	1.26	7.81	3.38	3.38
55510	41.0	41.0	54.0	42.0	41.0	38.0	3.34	3.23	1.26	7.81	3.38	3.38
55513	44.0	44.0	54.5	42.0	42.0	38.0	3.34	3.23	1.28	8.45	3.38	3.38
55516	41.0	41.0	52.5	42.0	41.0	38.0	3.34	3.23	1.28	8.45	3.38	3.38
55519	41.0	41.0	52.5	42.0	41.0	38.0	3.34	3.23	1.28	8.45	3.38	3.38
55522	41.0	41.0	52.5	42.0	41.0	38.0	3.34	3.23	1.28	8.45	3.38	3.38
55525	41.0	41.0	53.5	42.0	41.0	38.0	3.34	3.23	1.22	8.45	3.38	3.38
55528	41.0	41.0	54.0	42.0	43.0	38.0	3.34	3.23	1.22	8.45	3.38	3.38
55531	41.0	41.0	54.0	42.0	41.0	38.0	3.34	3.23	1.22	8.45	3.38	3.38
55534	42.0	42.0	55.0	42.0	42.0	38.0	3.34	3.23	1.22	8.45	3.38	3.38
55537	41.0	41.0	53.5	42.0	41.0	38.0	3.34	3.23	1.23	7.92	3.38	3.38
55540	41.0	41.0	51.5	42.0	41.0	38.0	3.34	3.23	1.23	7.92	3.38	3.38
55544	47.0	47.0	55.5	42.0	47.0	40.0	3.34	3.23	1.23	7.92	3.38	3.38
55547	47.0	47.0	56.5	42.0	46.0	40.0	3.34	3.23	1.23	7.92	3.38	3.38
55550	41.0	41.0	52.5	42.0	42.0	38.0	3.34	3.23	1.17	8.08	3.36	3.38
55553	41.0	41.0	51.5	42.0	41.0	38.0	3.34	3.23	1.17	8.08	3.36	3.38
55556	41.0	41.0	52.0	42.0	41.0	38.0	3.34	3.23	1.17	8.08	3.36	3.38
55559	41.0	41.0	51.5	42.0	41.0	38.0	3.34	3.23	1.17	8.08	3.36	3.38
55562	41.0	41.0	52.5	42.0	41.0	38.0	3.34	3.23	1.14	7.5	3.38	3.38
55565	41.0	41.0	52.5	42.0	41.0	38.0	3.34	3.23	1.14	7.5	3.38	3.38
55568	41.0	41.0	53.5	42.0	41.0	38.0	3.34	3.23	1.14	7.5	3.38	3.38
55571	41.0	41.0	52.0	42.0	41.0	38.0	3.34	3.23	1.14	7.5	3.38	3.38
55574	41.0	41.0	54.0	42.0	41.0	38.0	3.34	3.23	1.19	8.13	3.38	3.38
55577	41.0	41.0	53.5	42.0	41.0	38.0	3.34	3.23	1.19	8.13	3.38	3.38
55580	41.0	41.0	52.5	42.0	41.0	40.0	3.34	3.23	1.19	8.13	3.38	3.38
55583	41.0	41.0	54.5	42.0	41.0	38.0	3.34	3.23	1.19	8.13	3.38	3.38
55586	41.0	41.0	52.5	42.0	41.0	38.0	3.34	3.23	1.21	7.97	3.38	3.38
55589	41.0	41.0	54.0	42.0	43.0	38.0	3.34	3.23	1.21	7.97	3.38	3.38
55592	48.0	48.0	58.5	42.0	49.0	41.0	3.34	3.23	1.21	7.97	3.38	3.38
55595	49.0	49.0	59.0	42.0	49.0	42.0	3.34	3.23	1.21	7.97	3.38	3.38
55599	50.0	50.0	59.5	42.0	50.0	43.0	3.34	3.23	1.27	8.4	3.36	3.36
55602	42.0	42.0	54.5	42.0	41.0	38.0	3.34	3.23	1.27	8.4	3.36	3.36
55605	41.0	41.0	54.5	42.0	41.0	39.0	3.34	3.23	1.27	8.4	3.36	3.36
55608	41.0	41.0	54.5	42.0	41.0	38.0	3.34	3.23	1.27	8.4	3.36	3.36
55611	43.0	43.0	55.5	42.0	41.0	38.0	3.34	3.23	1.27	8.4	3.36	3.38
55614	43.0	43.0	57.5	42.0	42.0	38.0	3.34	3.23	1.27	8.4	3.36	3.38
55617	41.0	41.0	53.0	42.0	41.0	38.0	3.34	3.23	1.27	8.4	3.36	3.38
55620	41.0	41.0	54.0	42.0	41.0	38.0	3.34	3.23	1.27	8.4	3.36	3.38
55623	42.0	42.0	54.0	42.0	43.0	40.0	3.34	3.23	1.24	7.97	3.38	3.38
55626	41.0	41.0	54.0	42.0	41.0	38.0	3.34	3.23	1.24	7.97	3.38	3.38
55629	42.0	42.0	54.5	42.0	41.0	38.0	3.34	3.23	1.24	7.97	3.38	3.38
55632	41.0	41.0	53.5	42.0	42.0	38.0	3.34	3.23	1.24	7.97	3.38	3.38
55635	43.0	43.0	54.0	42.0	41.0	38.0	3.34	3.23	1.21	7.87	3.38	3.38
55638	41.0	41.0	54.5	42.0	42.0	38.0	3.34	3.23	1.21	7.87	3.38	3.38
55641	41.0	41.0	54.0	42.0	41.0	39.0	3.34	3.23	1.21	7.87	3.38	3.38
55644	41.0	41.0	53.5	42.0	41.0	38.0	3.34	3.23	1.21	7.87	3.38	3.38
55647	41.0	41.0	52.5	42.0	41.0	38.0	3.34	3.23	1.17	7.97	3.38	3.38
55651	41.0	41.0	54.0	42.0	41.0	38.0	3.34	3.23	1.17	7.97	3.38	3.38
55654	41.0	41.0	53.0	42.0	41.0	38.0	3.34	3.23	1.17	7.97	3.38	3.38
55657	41.0	41.0	54.5	42.0	41.0	38.0	3.34	3.23	1.17	7.97	3.38	3.38
55660	41.0	41.0	54.0	42.0	41.0	38.0	3.34	3.23	1.21	7.81	3.38	3.38
55663	41.0	41.0	53.5	42.0	41.0	38.0	3.34	3.23	1.21	7.81	3.38	3.38
55666	41.0	41.0	52.5	42.0	41.0	38.0	3.34	3.23	1.21	7.81	3.38	3.38
55669	42.0	42.0	53.5	42.0	43.0	38.0	3.34	3.23	1.21	7.81	3.38	3.38
55672	41.0	41.0	53.5	42.0	41.0	38.0	3.34	3.23	1.26	7.66	3.38	3.38
55675	42.0	42.0	57.5	42.0	45.0	39.0	3.34	3.23	1.26	7.66	3.38	3.38
55678	47.0	47.0	57.0	42.0	47.0	42.0	3.34	3.23	1.26	7.66	3.38	3.38
55681	44.0	44.0	52.5	42.0	41.0	38.0	3.34	3.23	1.26	7.66	3.38	3.38
55684	41.0	41.0	51.5	42.0	41.0	38.0	3.34	3.23	1.1	7.23	3.38	3.38
55687	41.0	41.0	51.0	42.0	41.0	38.0	3.34	3.23	1.1	7.23	3.38	3.38
55690	41.0	41.0	51.0	42.0	41.0	38.0	3.34	3.23	1.1	7.23	3.38	3.38
55693	41.0	41.0	50.5	42.0	41.0	38.0	3.34	3.23	1.1	7.23	3.38	3.38
55696	41.0	41.0	50.5	42.0	41.0	38.0	3.34	3.23	1.1	7.23	3.38	3.38
55699	41.0	41.0	50.5	42.0	41.0	38.0	3.34	3.23	1.1	7.23	3.38	3.38
55703	41.0	41.0	50.5	42.0	41.0	38.0	3.34	3.23	1.1	7.23	3.38	3.38
55706	41.0	41.0	50.5	42.0	41.0	38.0	3.34	3.23	1.1	7.23	3.38	3.38
55709	41.0	41.0	50.5	42.0	41.0	38.0	3.34	3.23	1.1	7.23	3.38	3.38
55712	41.0	41.0	50.0	42.0	41.0	38.0	3.34	3.23	1.1	7.23	3.38	3.38
55715	41.0	41.0	50.0	42.0	41.0	38.0	3.34	3.23	1.1	7.23	3.38	3.38
55718	41.0	41.0	50.0	42.0	41.0	38.0	3.34	3.23	1.1	7.23	3.38	3.38
55721	41.0	41.0	50.0	42.0	41.0	38.0	3.34	3.23	1.1	7.23	3.38	3.38
55724	41.0	41.0	50.0	42.0	41.0	38.0	3.34	3.23	1.1	7.23	3.38	3.38
55727	41.0	41.0	50.0	42.0	41.0	38.0	3.34	3.23	1.1	7.23	3.38	3.38
55730	41.0	41.0	50.0	42.0	41.0	38.0	3.34	3.23	1.1	7.23	3.38	3.38
55733	41.0	41.0	49.5	42.0	41.0	38.0	3.34	3.23	1.1	7.23	3.38	3.38
55736	41.0	41.0	50.0	42.0	41.0	38.0	3.34	3.23	1.1	7.23	3.38	3.38
55739	41.0	41.0	49.5	42.0	41.0	38.0	3.34	3.23	1.1	7.23	3.38	3.38
55742	41.0	41.0	52.0	42.0	45.0	39.0	3.34	3.23	1.1	7.23	3.38	3.38
55745	41.0	41.0	50.5	42.0	41.0	38.0	3.34	3.23	1.1	7.23	3.38	3.38
55748	41.0	41.0	50.0	42.0	41.0	38.0	3.34	3.23	1.1	7.23	3.38	3.38
55751	41.0	41.0	49.5	42.0	41.0	38.0	3.34	3.23	1.1	7.23	3.38	3.38
55754	41.0	41.0	49.5	42.0	41.0	38.0	3.34	3.23	1.1	7.23	3.38	3.38
55758	41.0	41.0	49.5	42.0	41.0	38.0	3.34	3.23	1.1	7.23	3.38	3.38
55761	41.0	41.0	49.5	42.0	41.0	38.0	3.34	3.23	1.1	7.23	3.38	3.38
55764	41.0	41.0	49.5	42.0	41.0	38.0	3.34	3.23	1.1	7.23	3.38	3.38
55767	41.0	41.0	49.5	42.0	41.0	38.0	3.34	3.23	1.1	7.23	3.38	3.38
55770	41.0	41.0	49.5	42.0	41.0	38.0	3.34	3.23	1.1	7.23	3.38	3.38
55773	41.0	41.0	49.5	42.0	41.0	38.0	3.34	3.23	1.1	7.23	3.38	3.38
55776	41.0	41.0	49.5	42.0	41.0	38.0	3.34	3.23	1.1	7.23	3.38	3.38
55779	41.0	41.0	49.0	42.0	41.0	38.0	3.34	3.23	1.1	7.23	3.38	3.38
55782	41.0	41.0	49.5	42.0	41.0	38.0	3.34	3.23	1.1	7.23	3.38	3.38
55785	41.0	41.0	49.5	42.0	41.0	38.0	3.34	3.23	1.1	7.23	3.38	3.38
55788	41.0	41.0	49.5	42.0	41.0	38.0	3.34	3.23	1.1	7.23	3.38	3.38
55791	41.0	41.0	49.0	42.0	41.0	38.0	3.34	3.23	1.1	7.23	3.38	3.38
55794	41.0	41.0	49.0	42.0	41.0	38.0	3.34	3.23	1.1	7.23	3.38	3.38
55797	41.0	41.0	49.5	42.0	41.0	38.0	3.34	3.23	1.1	7.23	3.38	3.38
55800	41.0	41.0	49.0	42.0	41.0	38.0	3.34	3.23	1.1	7.23	3.38	3.38
55803	41.0	41.0	49.0	42.0	41.0	38.0	3.34	3.23	1.1	7.23	3.38	3.38
55806	41.0	41.0	52.5	42.0	42.0	38.0	3.34	3.23	1.11	7.23	3.38	3.38
55810	41.0	41.0	50.5	42.0	41.0	38.0	3.34	3.23	1.11	7.23	3.38	3.38
55813	41.0	41.0	49.0	42.0	41.0	38.0	3.34	3.23	1.11	7.23	3.38	3.38
55816	41.0	41.0	49.5	42.0	41.0	38.0	3.34	3.23	1.11	7.23	3.38	3.38
55819	41.0	41.0	49.0	42.0	41.0	38.0	3.34	3.23	1.1	7.23	3.38	3.38
55822	41.0	41.0	49.5	42.0	41.0	38.0	3.34	3.23	1.1	7.23	3.38	3.38
55825	41.0	41.0	50.0	42.0	41.0	38.0	3.34	3.23	1.1	7.23	3.38	3.38
55828	41.0	41.0	49.5	42.0	41.0	38.0	3.34	3.23	1.1	7.23	3.38	3.38
55831	41.0	41.0	49.0	42.0	41.0	38.0	3.34	3.23	1.1	7.23	3.38	3.38
55834	41.0	41.0	49.5	42.0	41.0	38.0	3.34	3.23	1.1	7.23	3.38	3.38
55837	41.0	41.0	49.5	42.0	41.0	38.0	3.34	3.23	1.1	7.23	3.38	3.38
55840	41.0	41.0	49.0	42.0	41.0	38.0	3.34	3.23	1.1	7.23	3.38	3.38
55843	41.0	41.0	49.0	42.0	41.0	38.0	3.34	3.23	1.1	7.23	3.38	3.38
55846	41.0	41.0	49.0	42.0	41.0	38.0	3.34	3.23	1.1	7.23	3.38	3.38
55849	41.0	41.0	49.0	42.0	41.0	38.0	3.34	3.23	1.1	7.23	3.38	3.38
55852	41.0	41.0	49.0	42.0	41.0	38.0	3.34	3.23	1.1	7.23	3.38	3.38
55855	41.0	41.0	49.0	42.0	41.0	38.0	3.34	3.23	1.1	7.23	3.38	3.38
55858	41.0	41.0	49.0	42.0	41.0	38.0	3.34	3.23	1.1	7.23	3.38	3.38
55861	41.0	41.0	49.0	42.0	41.0	38.0	3.34	3.23	1.1	7.23	3.38	3.38
55865	41.0	41.0	49.0	42.0	41.0	38.0	3.34	3.23	1.1	7.23	3.38	3.38
55868	41.0	41.0	49.0	42.0	41.0	38.0	3.34	3.23	1.1	7.23	3.38	3.38
55871	41.0	41.0	49.0	42.0	41.0	38.0	3.34	3.23	1.1	7.23	3.38	3.38
55874	45.0	45.0	52.0	42.0	41.0	38.0	3.34	3.23	1.1	7.23	3.38	3.38
55877	41.0	41.0	49.5	42.0	41.0	38.0	3.34	3.23	1.1	7.23	3.38	3.38
55880	41.0	41.0	49.5	42.0	41.0	38.0	3.34	3.23	1.1	7.23	3.38	3.38
55883	41.0	41.0	49.0	42.0	41.0	38.0	3.34	3.23	1.1	7.23	3.38	3.38
55886	41.0	41.0	49.0	42.0	41.0	38.0	3.34	3.23	1.1	7.23	3.38	3.38
55889	41.0	41.0	49.0	42.0	41.0	38.0	3.34	3.23	1.1	7.23	3.38	3.38
55892	41.0	41.0	49.0	42.0	41.0	38.0	3.34	3.23	1.1	7.23	3.38	3.38
55895	41.0	41.0	49.0	42.0	41.0	38.0	3.34	3.23	1.1	7.23	3.38	3.38
55898	41.0	41.0	49.0	42.0	41.0	38.0	3.34	3.23	1.1	7.23	3.38	3.38
55901	41.0	41.0	49.0	42.0	41.0	38.0	3.34	3.23	1.1	7.23	3.38	3.38
55904	41.0	41.0	49.0	42.0	41.0	38.0	3.34	3.23	1.1	7.23	3.38	3.38
55907	41.0	41.0	49.0	42.0	41.0	38.0	3.34	3.23	1.1	7.23	3.38	3.38
55910	41.0	41.0	49.0	42.0	41.0	38.0	3.34	3.23	1.1	7.23	3.38	3.38
55913	41.0	41.0	48.5	42.0	41.0	38.0	3.34	3.23	1.1	7.23	3.38	3.38
55917	41.0	41.0	49.0	42.0	41.0	38.0	3.34	3.23	1.1	7.23	3.38	3.38
55920	41.0	41.0	49.0	42.0	41.0	38.0	3.34	3.23	1.1	7.23	3.38	3.38
55923	41.0	41.0	49.0	42.0	41.0	38.0	3.34	3.23	1.1	7.23	3.38	3.38
55926	41.0	41.0	49.0	42.0	41.0	38.0	3.34	3.23	1.1	7.23	3.38	3.38
55929	41.0	41.0	49.0	42.0	41.0	38.0	3.34	3.23	1.1	7.23	3.38	3.38
55932	41.0	41.0	49.0	42.0	41.0	38.0	3.34	3.23	1.1	7.23	3.38	3.38
55935	41.0	41.0	49.0	42.0	41.0	38.0	3.34	3.23	1.1	7.23	3.38	3.38
55938	41.0	41.0	51.0	42.0	41.0	38.0	3.34	3.23	1.1	7.23	3.38	3.38
55941	44.0	44.0	52.5	42.0	41.0	38.0	3.34	3.23	1.13	8.4	3.38	3.38
55944	41.0	41.0	49.0	42.0	41.0	38.0	3.34	3.23	1.13	8.4	3.38	3.38
55947	41.0	41.0	49.0	42.0	41.0	38.0	3.34	3.23	1.13	8.4	3.38	3.38
55950	41.0	41.0	49.0	42.0	41.0	38.0	3.34	3.23	1.13	8.4	3.38	3.38
55953	41.0	41.0	49.0	42.0	41.0	38.0	3.34	3.23	1.1	7.23	3.38	3.38
55956	47.0	47.0	53.0	42.0	44.0	39.0	3.34	3.23	1.1	7.23	3.38	3.38
55959	41.0	41.0	49.0	42.0	41.0	38.0	3.34	3.23	1.1	7.23	3.38	3.38
55962	41.0	41.0	49.0	42.0	41.0	38.0	3.34	3.23	1.1	7.23	3.38	3.38
55965	41.0	41.0	49.0	42.0	41.0	38.0	3.34	3.23	1.1	7.23	3.38	3.38
55968	41.0	41.0	49.0	42.0	41.0	38.0	3.34	3.23	1.1	7.23	3.38	3.38
55972	41.0	41.0	48.5	42.0	41.0	38.0	3.34	3.23	1.1	7.23	3.38	3.38
55975	41.0	41.0	48.5	42.0	41.0	38.0	3.34	3.23	1.1	7.23	3.38	3.38
55978	41.0	41.0	48.5	42.0	41.0	38.0	3.34	3.23	1.1	7.23	3.38	3.38
55981	41.0	41.0	49.0	42.0	41.0	38.0	3.34	3.23	1.1	7.23	3.38	3.38
55984	41.0	41.0	49.0	42.0	41.0	38.0	3.34	3.23	1.1	7.23	3.38	3.38
55987	41.0	41.0	49.0	42.0	41.0	38.0	3.34	3.23	1.1	7.23	3.38	3.38
55990	41.0	41.0	49.0	42.0	41.0	38.0	3.34	3.23	1.1	7.23	3.38	3.38
55993	41.0	41.0	49.0	42.0	41.0	38.0	3.34	3.23	1.1	7.23	3.38	3.38
55996	41.0	41.0	49.0	42.0	41.0	38.0	3.34	3.23	1.1	7.23	3.38	3.38
55999	41.0	41.0	48.5	42.0	41.0	38.0	3.34	3.23	1.1	7.23	3.38	3.38
56002	41.0	41.0	51.0	42.0	42.0	38.0	3.34	3.23	1.14	7.34	3.38	3.38
56005	41.0	41.0	51.5	42.0	41.0	38.0	3.34	3.23	1.14	7.34	3.38	3.38
56008	41.0	41.0	49.0	42.0	41.0	38.0	3.34	3.23	1.14	7.34	3.38	3.38
56011	41.0	41.0	49.0	42.0	41.0	38.0	3.34	3.23	1.14	7.34	3.38	3.38
56014	41.0	41.0	49.0	42.0	41.0	38.0	3.34	3.23	1.1	7.23	3.38	3.38
56017	41.0	41.0	49.0	42.0	41.0	38.0	3.34	3.23	1.1	7.23	3.38	3.38
56020	41.0	41.0	49.0	42.0	41.0	38.0	3.34	3.23	1.1	7.23	3.38	3.38
56024	41.0	41.0	49.0	42.0	41.0	38.0	3.34	3.23	1.1	7.23	3.38	3.38
56027	41.0	41.0	49.0	42.0	41.0	38.0	3.34	3.23	1.1	7.23	3.38	3.38
56030	41.0	41.0	49.0	42.0	41.0	38.0	3.34	3.23	1.1	7.23	3.38	3.38
56033	41.0	41.0	48.5	42.0	41.0	38.0	3.34	3.23	1.1	7.23	3.38	3.38
56036	41.0	41.0	49.0	42.0	41.0	38.0	3.34	3.23	1.1	7.23	3.38	3.38
56039	41.0	41.0	49.0	42.0	41.0	38.0	3.34	3.23	1.1	7.23	3.38	3.38
56042	41.0	41.0	49.0	42.0	41.0	38.0	3.34	3.23	1.1	7.23	3.38	3.38
56045	41.0	41.0	49.0	42.0	41.0	38.0	3.34	3.23	1.1	7.23	3.38	3.38
56048	41.0	41.0	49.0	42.0	41.0	38.0	3.34	3.23	1.1	7.23	3.38	3.38
56051	41.0	41.0	49.0	42.0	41.0	38.0	3.34	3.23	1.1	7.23	3.38	3.38
56054	41.0	41.0	48.5	42.0	41.0	38.0	3.34	3.23	1.1	7.23	3.38	3.38
56057	41.0	41.0	48.5	42.0	41.0	38.0	3.34	3.23	1.1	7.23	3.38	3.38
56060	41.0	41.0	48.5	42.0	41.0	38.0	3.34	3.23	1.1	7.23	3.38	3.38
56063	41.0	41.0	48.5	42.0	41.0	38.0	3.34	3.23	1.1	7.23	3.38	3.38
56066	41.0	41.0	49.0	42.0	41.0	38.0	3.34	3.23	1.1	7.23	3.38	3.38
56069	41.0	41.0	51.0	42.0	41.0	38.0	3.34	3.23	1.1	7.23	3.38	3.38
56072	41.0	41.0	51.5	42.0	41.0	38.0	3.34	3.23	1.1	7.23	3.38	3.38
56076	41.0	41.0	49.0	42.0	41.0	38.0	3.34	3.23	1.1	7.23	3.38	3.38
56079	41.0	41.0	49.0	42.0	41.0	38.0	3.34	3.23	1.1	7.23	3.38	3.38
56082	41.0	41.0	49.0	42.0	41.0	38.0	3.34	3.23	1.1	7.23	3.38	3.38
56085	41.0	41.0	49.0	42.0	41.0	38.0	3.34	3.23	1.1	7.23	3.38	3.38
56088	41.0	41.0	48.5	42.0	41.0	38.0	3.34	3.23	1.1	7.23	3.38	3.38
56091	41.0	41.0	48.5	42.0	41.0	38.0	3.34	3.23	1.1	7.23	3.38	3.38
56094	41.0	41.0	49.0	42.0	41.0	38.0	3.34	3.23	1.1	7.23	3.38	3.38
56097	41.0	41.0	49.0	42.0	41.0	38.0	3.34	3.23	1.1	7.23	3.38	3.38
56100	41.0	41.0	48.5	42.0	41.0	38.0	3.34	3.23	1.1	7.23	3.38	3.38
56103	41.0	41.0	48.5	42.0	41.0	38.0	3.34	3.23	1.1	7.23	3.38	3.38
56106	41.0	41.0	48.5	42.0	41.0	38.0	3.34	3.23	1.1	7.23	3.38	3.38
56109	41.0	41.0	48.5	42.0	41.0	38.0	3.34	3.23	1.1	7.23	3.38	3.38
56112	41.0	41.0	48.5	42.0	41.0	38.0	3.34	3.23	1.1	7.23	3.38	3.38
56115	41.0	41.0	48.5	42.0	41.0	38.0	3.34	3.23	1.1	7.23	3.38	3.38
56118	41.0	41.0	49.0	42.0	41.0	38.0	3.34	3.23	1.1	7.23	3.38	3.38
56121	41.0	41.0	48.5	42.0	41.0	38.0	3.34	3.23	1.1	7.23	3.38	3.38
56124	41.0	41.0	48.5	42.0	41.0	38.0	3.34	3.23	1.1	7.23	3.38	3.38
56128	41.0	41.0	49.0	42.0	41.0	38.0	3.34	3.23	1.1	7.23	3.38	3.38
56131	41.0	41.0	49.0	42.0	41.0	38.0	3.34	3.23	1.1	7.23	3.38	3.38
56134	41.0	41.0	51.0	42.0	41.0	38.0	3.34	3.23	1.1	7.23	3.38	3.38
56137	41.0	41.0	52.5	42.0	43.0	38.0	3.34	3.23	1.14	7.5	3.38	3.38
56140	41.0	41.0	49.0	42.0	41.0	38.0	3.34	3.23	1.14	7.5	3.38	3.38
56143	41.0	41.0	49.0	42.0	41.0	38.0	3.34	3.23	1.14	7.5	3.38	3.38
56146	41.0	41.0	48.5	42.0	41.0	38.0	3.34	3.23	1.14	7.5	3.38	3.38
56149	41.0	41.0	49.0	42.0	41.0	38.0	3.34	3.23	1.1	7.23	3.38	3.38
56152	41.0	41.0	48.5	42.0	41.0	38.0	3.34	3.23	1.1	7.23	3.38	3.38
56155	41.0	41.0	49.0	42.0	41.0	38.0	3.34	3.23	1.1	7.23	3.38	3.38
56158	41.0	41.0	49.0	42.0	41.0	38.0	3.34	3.23	1.1	7.23	3.38	3.38
56161	41.0	41.0	49.0	42.0	41.0	38.0	3.34	3.23	1.1	7.23	3.38	3.38
56164	41.0	41.0	48.5	42.0	41.0	38.0	3.34	3.23	1.1	7.23	3.38	3.38
56167	41.0	41.0	49.0	42.0	41.0	38.0	3.34	3.23	1.1	7.23	3.38	3.38
56170	41.0	41.0	49.0	42.0	41.0	38.0	3.34	3.23	1.1	7.23	3.38	3.38
56173	41.0	41.0	48.5	42.0	41.0	38.0	3.34	3.23	1.1	7.23	3.38	3.38
56176	41.0	41.0	48.5	42.0	41.0	38.0	3.34	3.23	1.1	7.23	3.38	3.38
56179	41.0	41.0	48.5	42.0	41.0	38.0	3.34	3.23	1.1	7.23	3.38	3.38
56183	41.0	41.0	48.5	42.0	41.0	38.0	3.34	3.23	1.1	7.23	3.38	3.38
56186	41.0	41.0	48.5	42.0	41.0	38.0	3.34	3.23	1.1	7.23	3.38	3.38
56189	41.0	41.0	48.5	42.0	41.0	38.0	3.34	3.23	1.1	7.23	3.38	3.38
56192	41.0	41.0	48.5	42.0	41.0	38.0	3.34	3.23	1.1	7.23	3.38	3.38
56195	41.0	41.0	48.5	42.0	41.0	38.0	3.34	3.23	1.1	7.23	3.38	3.38
56198	41.0	41.0	48.5	42.0	41.0	38.0	3.34	3.23	1.1	7.23	3.38	3.38
56201	41.0	41.0	51.0	42.0	41.0	38.0	3.34	3.23	1.1	7.23	3.38	3.38
56204	41.0	41.0	49.5	42.0	41.0	38.0	3.34	3.23	1.1	7.23	3.38	3.38
56207	41.0	41.0	49.0	42.0	41.0	38.0	3.34	3.23	1.1	7.23	3.38	3.38
56210	41.0	41.0	48.5	42.0	41.0	38.0	3.34	3.23	1.1	7.23	3.38	3.38
56213	41.0	41.0	49.0	42.0	41.0	38.0	3.34	3.23	1.1	7.23	3.38	3.38
56216	41.0	41.0	49.0	42.0	41.0	38.0	3.34	3.23	1.1	7.23	3.38	3.38
56219	41.0	41.0	48.5	42.0	41.0	38.0	3.34	3.23	1.1	7.23	3.38	3.38
56222	41.0	41.0	48.5	42.0	41.0	38.0	3.34	3.23	1.1	7.23	3.38	3.38
56225	41.0	41.0	48.5	42.0	41.0	38.0	3.34	3.23	1.1	7.23	3.38	3.38
56228	41.0	41.0	48.5	42.0	41.0	38.0	3.34	3.23	1.1	7.23	3.38	3.38
56231	41.0	41.0	48.5	42.0	41.0	38.0	3.34	3.23	1.1	7.23	3.38	3.38
56235	41.0	41.0	48.5	42.0	41.0	38.0	3.34	3.23	1.1	7.23	3.38	3.38
56238	41.0	41.0	48.5	42.0	41.0	38.0	3.34	3.23	1.1	7.23	3.38	3.38
56241	41.0	41.0	48.5	42.0	41.0	38.0	3.34	3.23	1.1	7.23	3.38	3.38
56244	41.0	41.0	48.5	42.0	41.0	38.0	3.34	3.23	1.1	7.23	3.38	3.38
56247	41.0	41.0	48.5	42.0	41.0	38.0	3.34	3.23	1.1	7.23	3.38	3.38
56250	41.0	41.0	48.5	42.0	41.0	38.0	3.34	3.23	1.1	7.23	3.38	3.38
56253	41.0	41.0	48.5	42.0	41.0	38.0	3.34	3.23	1.1	7.23	3.38	3.38
56256	41.0	41.0	48.5	42.0	41.0	38.0	3.34	3.23	1.1	7.23	3.38	3.38
56259	41.0	41.0	48.5	42.0	41.0	38.0	3.34	3.23	1.1	7.23	3.38	3.38
56262	41.0	41.0	48.5	42.0	41.0	38.0	3.34	3.23	1.1	7.23	3.38	3.38
56265	43.0	43.0	52.0	42.0	41.0	38.0	3.34	3.23	1.1	7.23	3.38	3.38
56268	41.0	41.0	50.5	42.0	41.0	38.0	3.34	3.23	1.1	7.23	3.38	3.38
56271	41.0	41.0	49.0	42.0	41.0	38.0	3.34	3.23	1.1	7.23	3.38	3.38
56274	41.0	41.0	48.5	42.0	41.0	38.0	3.34	3.23	1.1	7.23	3.38	3.38
56277	41.0	41.0	48.5	42.0	41.0	38.0	3.34	3.23	1.1	7.23	3.38	3.38
56280	41.0	41.0	48.5	42.0	41.0	38.0	3.34	3.23	1.1	7.23	3.38	3.38
56283	41.0	41.0	48.5	42.0	41.0	38.0	3.34	3.23	1.1	7.23	3.38	3.38
56287	41.0	41.0	48.5	42.0	41.0	38.0	3.34	3.23	1.1	7.23	3.38	3.38
56290	41.0	41.0	48.0	42.0	41.0	38.0	3.34	3.23	1.1	7.23	3.38	3.38
56293	41.0	41.0	48.5	42.0	41.0	38.0	3.34	3.23	1.1	7.23	3.38	3.38
56296	41.0	41.0	48.5	42.0	41.0	38.0	3.34	3.23	1.1	7.23	3.38	3.38
56299	41.0	41.0	48.5	42.0	41.0	38.0	3.34	3.23	1.1	7.23	3.38	3.38
56302	41.0	41.0	48.5	42.0	41.0	38.0	3.34	3.23	1.1	7.23	3.38	3.38
56305	41.0	41.0	48.5	42.0	41.0	38.0	3.34	3.23	1.1	7.23	3.38	3.38
56308	41.0	41.0	48.0	42.0	41.0	38.0	3.34	3.23	1.1	7.23	3.38	3.38
56311	41.0	41.0	48.0	42.0	41.0	38.0	3.34	3.23	1.1	7.23	3.38	3.38
56314	41.0	41.0	48.5	42.0	41.0	38.0	3.34	3.23	1.1	7.23	3.38	3.38
56317	41.0	41.0	48.0	42.0	41.0	38.0	3.34	3.23	1.1	7.23	3.38	3.38
56320	41.0	41.0	48.0	42.0	41.0	38.0	3.34	3.23	1.1	7.23	3.38	3.38
56323	41.0	41.0	48.0	42.0	41.0	38.0	3.34	3.23	1.1	7.23	3.38	3.38
56326	41.0	41.0	48.0	42.0	41.0	38.0	3.34	3.23	1.1	7.23	3.38	3.38
56329	41.0	41.0	48.0	42.0	41.0	38.0	3.34	3.23	1.1	7.23	3.38	3.38
56332	41.0	41.0	50.5	42.0	41.0	38.0	3.34	3.23	1.09	8.18	3.38	3.38
56335	41.0	41.0	48.5	42.0	41.0	38.0	3.34	3.23	1.09	8.18	3.38	3.38
56338	41.0	41.0	48.5	42.0	41.0	38.0	3.34	3.23	1.09	8.18	3.38	3.38
56342	41.0	41.0	48.0	42.0	41.0	38.0	3.34	3.23	1.09	8.18	3.38	3.38
56345	41.0	41.0	48.0	42.0	41.0	38.0	3.36	3.23	1.1	7.23	3.38	3.38
56348	41.0	41.0	48.0	42.0	41.0	38.0	3.36	3.23	1.1	7.23	3.38	3.38
56351	41.0	41.0	48.0	42.0	41.0	38.0	3.36	3.23	1.1	7.23	3.38	3.38
56354	41.0	41.0	48.0	42.0	41.0	38.0	3.36	3.23	1.1	7.23	3.38	3.38
56357	41.0	41.0	48.0	42.0	41.0	38.0	3.36	3.23	1.1	7.23	3.38	3.38
56360	41.0	41.0	48.0	42.0	41.0	38.0	3.36	3.23	1.1	7.23	3.38	3.38
56363	41.0	41.0	48.0	42.0	41.0	38.0	3.36	3.23	1.1	7.23	3.38	3.38
56366	41.0	41.0	48.0	42.0	41.0	38.0	3.36	3.23	1.1	7.23	3.38	3.38
56369	41.0	41.0	48.0	42.0	41.0	38.0	3.36	3.23	1.1	7.23	3.38	3.38
56372	41.0	41.0	48.0	42.0	41.0	38.0	3.36	3.23	1.1	7.23	3.38	3.38
56375	41.0	41.0	48.0	42.0	41.0	38.0	3.36	3.23	1.1	7.23	3.38	3.38
56378	41.0	41.0	48.0	42.0	41.0	38.0	3.36	3.23	1.1	7.23	3.38	3.38
56381	41.0	41.0	48.0	42.0	41.0	38.0	3.34	3.23	1.1	7.23	3.38	3.38
56384	41.0	41.0	48.0	42.0	41.0	38.0	3.34	3.23	1.1	7.23	3.38	3.38
56387	41.0	41.0	48.0	42.0	41.0	38.0	3.34	3.23	1.1	7.23	3.38	3.38
56390	41.0	41.0	47.5	42.0	41.0	38.0	3.34	3.23	1.1	7.23	3.38	3.38
56394	41.0	41.0	48.0	42.0	41.0	38.0	3.34	3.23	1.1	7.23	3.38	3.38
56397	41.0	41.0	51.0	42.0	42.0	38.0	3.34	3.23	1.1	7.23	3.38	3.38
56400	41.0	41.0	51.5	42.0	41.0	38.0	3.34	3.23	1.1	7.23	3.38	3.38
56403	41.0	41.0	48.0	42.0	41.0	38.0	3.34	3.23	1.1	7.23	3.38	3.38
56406	41.0	41.0	48.0	42.0	41.0	38.0	3.36	3.23	1.1	7.23	3.38	3.38
56409	41.0	41.0	48.0	42.0	41.0	38.0	3.36	3.23	1.1	7.23	3.38	3.38
56412	41.0	41.0	47.5	42.0	41.0	38.0	3.36	3.23	1.1	7.23	3.38	3.38
56415	41.0	41.0	47.5	42.0	41.0	38.0	3.36	3.23	1.1	7.23	3.38	3.38
56418	41.0	41.0	48.0	42.0	41.0	38.0	3.34	3.23	1.1	7.23	3.38	3.38
56421	41.0	41.0	47.5	42.0	41.0	38.0	3.34	3.23	1.1	7.23	3.38	3.38
56424	41.0	41.0	47.5	42.0	41.0	38.0	3.34	3.23	1.1	7.23	3.38	3.38
56427	41.0	41.0	47.5	42.0	41.0	38.0	3.34	3.23	1.1	7.23	3.38	3.38
56430	41.0	41.0	47.5	42.0	41.0	38.0	3.34	3.23	1.1	7.23	3.38	3.38
56433	41.0	41.0	47.5	42.0	41.0	38.0	3.34	3.23	1.1	7.23	3.38	3.38
56436	41.0	41.0	47.5	42.0	41.0	38.0	3.34	3.23	1.1	7.23	3.38	3.38
56439	41.0	41.0	47.5	42.0	41.0	38.0	3.34	3.23	1.1	7.23	3.38	3.38
56442	41.0	41.0	47.5	42.0	41.0	38.0	3.36	3.23	1.1	7.23	3.38	3.38
56446	41.0	41.0	47.5	42.0	41.0	38.0	3.36	3.23	1.1	7.23	3.38	3.38
56449	41.0	41.0	47.5	42.0	41.0	38.0	3.36	3.23	1.1	7.23	3.38	3.38
56452	41.0	41.0	47.5	42.0	41.0	38.0	3.36	3.23	1.1	7.23	3.38	3.38
56455	41.0	41.0	47.5	42.0	41.0	38.0	3.36	3.23	1.1	7.23	3.38	3.38
56458	41.0	41.0	47.5	42.0	41.0	38.0	3.36	3.23	1.1	7.23	3.38	3.38
56461	41.0	41.0	48.5	42.0	41.0	38.0	3.36	3.23	1.1	7.23	3.38	3.38
56464	41.0	41.0	50.5	42.0	41.0	38.0	3.36	3.23	1.1	7.23	3.38	3.38
56467	41.0	41.0	48.0	42.0	41.0	38.0	3.36	3.23	1.1	7.23	3.38	3.38
56470	41.0	41.0	47.5	42.0	41.0	38.0	3.36	3.23	1.1	7.23	3.38	3.38
56473	41.0	41.0	47.5	42.0	41.0	38.0	3.36	3.23	1.1	7.23	3.38	3.38
56476	41.0	41.0	47.5	42.0	41.0	38.0	3.36	3.23	1.1	7.23	3.38	3.38
56479	41.0	41.0	47.5	42.0	41.0	38.0	3.36	3.23	1.1	7.23	3.38	3.38
56482	41.0	41.0	47.5	42.0	41.0	38.0	3.36	3.23	1.1	7.23	3.38	3.38
56485	41.0	41.0	47.5	42.0	41.0	38.0	3.36	3.23	1.1	7.23	3.38	3.38
56488	41.0	41.0	47.5	42.0	41.0	38.0	3.36	3.23	1.1	7.23	3.38	3.38
56491	41.0	41.0	47.5	42.0	41.0	38.0	3.36	3.23	1.1	7.23	3.38	3.38
56494	41.0	41.0	47.0	42.0	41.0	38.0	3.36	3.23	1.1	7.23	3.38	3.38
56497	41.0	41.0	47.5	42.0	41.0	38.0	3.36	3.23	1.1	7.23	3.38	3.38
56501	41.0	41.0	47.5	42.0	41.0	38.0	3.36	3.23	1.1	7.23	3.38	3.38
56504	41.0	41.0	47.0	42.0	41.0	38.0	3.36	3.23	1.1	7.23	3.38	3.38
56507	41.0	41.0	47.0	42.0	41.0	38.0	3.36	3.23	1.1	7.23	3.38	3.38
56510	41.0	41.0	47.0	42.0	41.0	38.0	3.36	3.23	1.1	7.23	3.38	3.38
56513	41.0	41.0	47.0	42.0	41.0	38.0	3.36	3.23	1.1	7.23	3.38	3.38
56516	41.0	41.0	47.0	42.0	41.0	38.0	3.36	3.23	1.1	7.23	3.38	3.38
56519	41.0	41.0	47.0	42.0	41.0	38.0	3.36	3.23	1.1	7.23	3.38	3.38
56522	41.0	41.0	47.0	42.0	41.0	38.0	3.36	3.23	1.1	7.23	3.38	3.38
56525	41.0	41.0	47.0	42.0	41.0	38.0	3.36	3.23	1.1	7.23	3.38	3.38
56528	41.0	41.0	49.0	42.0	41.0	38.0	3.34	3.23	1.28	8.45	3.36	3.38
56531	41.0	41.0	51.0	42.0	41.0	38.0	3.34	3.23	1.28	8.45	3.36	3.38
56534	41.0	41.0	47.0	42.0	41.0	38.0	3.34	3.23	1.28	8.45	3.36	3.38
56537	41.0	41.0	47.5	41.0	41.0	38.0	3.34	3.23	1.28	8.45	3.36	3.38
56540	41.0	41.0	47.0	41.0	41.0	38.0	3.34	3.23	1.1	7.23	3.38	3.38
56543	41.0	41.0	47.5	41.0	41.0	38.0	3.34	3.23	1.1	7.23	3.38	3.38
56546	41.0	41.0	47.0	41.0	41.0	38.0	3.34	3.23	1.1	7.23	3.38	3.38
56549	41.0	41.0	49.5	41.0	41.0	38.0	3.34	3.23	1.1	7.23	3.38	3.38
56553	41.0	41.0	52.0	41.0	41.0	38.0	3.34	3.23	1.27	8.4	3.36	3.38
56556	41.0	41.0	51.0	41.0	41.0	38.0	3.34	3.23	1.27	8.4	3.36	3.38
56559	41.0	41.0	52.5	41.0	41.0	38.0	3.34	3.23	1.27	8.4	3.36	3.38
56562	41.0	41.0	49.0	41.0	41.0	38.0	3.34	3.23	1.27	8.4	3.36	3.38
56565	41.0	41.0	49.0	41.0	41.0	38.0	3.34	3.23	1.15	7.44	3.38	3.38
56568	41.0	41.0	51.5	41.0	41.0	38.0	3.34	3.23	1.15	7.44	3.38	3.38
56571	41.0	41.0	49.5	41.0	41.0	38.0	3.34	3.23	1.15	7.44	3.38	3.38
56574	41.0	41.0	49.0	41.0	41.0	38.0	3.34	3.23	1.15	7.44	3.38	3.38
56577	41.0	41.0	49.0	41.0	41.0	38.0	3.34	3.23	1.1	7.23	3.38	3.38
56580	41.0	41.0	48.0	41.0	41.0	38.0	3.34	3.23	1.1	7.23	3.38	3.38
56583	41.0	41.0	49.5	41.0	41.0	38.0	3.34	3.23	1.1	7.23	3.38	3.38
56586	41.0	41.0	48.5	41.0	41.0	38.0	3.34	3.23	1.1	7.23	3.38	3.38
56589	41.0	41.0	50.0	41.0	41.0	38.0	3.34	3.23	1.28	8.45	3.38	3.38
56592	46.0	46.0	56.0	41.0	46.0	40.0	3.34	3.23	1.28	8.45	3.38	3.38
56595	47.0	47.0	57.0	41.0	47.0	38.0	3.34	3.23	1.28	8.45	3.38	3.38
56598	41.0	41.0	49.0	41.0	41.0	38.0	3.34	3.23	1.28	8.45	3.38	3.38
56602	41.0	41.0	48.5	40.0	41.0	38.0	3.34	3.23	1.1	7.23	3.38	3.38
56605	41.0	41.0	48.5	40.0	41.0	38.0	3.34	3.23	1.1	7.23	3.38	3.38
56608	41.0	41.0	48.0	40.0	41.0	38.0	3.34	3.23	1.1	7.23	3.38	3.38
56611	41.0	41.0	52.0	40.0	42.0	38.0	3.34	3.23	1.1	7.23	3.38	3.38
56614	42.0	42.0	53.5	40.0	42.0	38.0	3.34	3.23	1.28	8.45	3.38	3.38
56617	41.0	41.0	51.0	40.0	41.0	38.0	3.34	3.23	1.28	8.45	3.38	3.38
56620	43.0	43.0	54.5	40.0	43.0	38.0	3.34	3.23	1.28	8.45	3.38	3.38
56623	43.0	43.0	54.5	40.0	43.0	38.0	3.34	3.23	1.28	8.45	3.38	3.38
56626	41.0	41.0	54.5	40.0	42.0	38.0	3.34	3.23	1.28	8.45	3.38	3.38
56629	43.0	43.0	55.0	40.0	44.0	38.0	3.34	3.23	1.28	8.45	3.38	3.38
56632	43.0	43.0	54.5	40.0	43.0	38.0	3.34	3.23	1.28	8.45	3.38	3.38
56635	42.0	42.0	54.5	40.0	42.0	38.0	3.34	3.23	1.28	8.45	3.38	3.38
56638	42.0	42.0	54.5	40.0	43.0	38.0	3.34	3.23	1.28	8.45	3.38	3.38
56641	43.0	43.0	55.0	40.0	42.0	39.0	3.34	3.23	1.28	8.45	3.38	3.38
56644	44.0	44.0	55.0	40.0	44.0	38.0	3.34	3.23	1.28	8.45	3.38	3.38
56647	44.0	44.0	55.0	40.0	44.0	39.0	3.34	3.23	1.28	8.45	3.38	3.38
56650	44.0	44.0	55.5	40.0	44.0	38.0	3.34	3.23	1.27	8.4	3.36	3.38
56653	44.0	44.0	54.5	40.0	43.0	38.0	3.34	3.23	1.27	8.4	3.36	3.38
56656	41.0	41.0	55.5	40.0	41.0	38.0	3.34	3.23	1.27	8.4	3.36	3.38
56660	46.0	46.0	54.5	40.0	46.0	39.0	3.34	3.23	1.27	8.4	3.36	3.38
56663	41.0	41.0	53.5	40.0	41.0	38.0	3.34	3.23	1.17	7.92	3.38	3.38
56666	41.0	41.0	50.5	41.0	41.0	38.0	3.34	3.23	1.17	7.92	3.38	3.38
56669	41.0	41.0	51.0	41.0	41.0	38.0	3.34	3.23	1.17	7.92	3.38	3.38
56672	41.0	41.0	50.5	41.0	41.0	38.0	3.34	3.23	1.17	7.92	3.38	3.38
56675	41.0	41.0	51.0	41.0	41.0	38.0	3.34	3.23	1.25	7.97	3.38	3.38
56678	41.0	41.0	52.0	41.0	41.0	38.0	3.34	3.23	1.25	7.97	3.38	3.38
56681	41.0	41.0	50.5	41.0	41.0	38.0	3.34	3.23	1.25	7.97	3.38	3.38
56684	41.0	41.0	51.0	41.0	41.0	38.0	3.34	3.23	1.25	7.97	3.38	3.38
56687	43.0	43.0	52.0	41.0	44.0	38.0	3.34	3.23	1.26	8.13	3.38	3.38
56690	41.0	41.0	51.0	41.0	41.0	38.0	3.34	3.23	1.26	8.13	3.38	3.38
56693	41.0	41.0	50.5	41.0	41.0	38.0	3.34	3.23	1.26	8.13	3.38	3.38
56696	41.0	41.0	50.5	41.0	41.0	38.0	3.34	3.23	1.26	8.13	3.38	3.38
56699	41.0	41.0	51.5	41.0	41.0	38.0	3.34	3.23	1.09	7.39	3.38	3.38
56702	41.0	41.0	51.5	41.0	41.0	38.0	3.34	3.23	1.09	7.39	3.38	3.38
56705	41.0	41.0	51.0	41.0	41.0	38.0	3.34	3.23	1.09	7.39	3.38	3.38
56708	41.0	41.0	50.5	41.0	41.0	38.0	3.34	3.23	1.09	7.39	3.38	3.38
56712	42.0	42.0	52.5	41.0	42.0	38.0	3.34	3.23	1.22	8.34	3.38	3.38
56715	41.0	41.0	52.0	41.0	41.0	38.0	3.34	3.23	1.22	8.34	3.38	3.38
56718	41.0	41.0	50.5	41.0	41.0	38.0	3.34	3.23	1.22	8.34	3.38	3.38
56721	41.0	41.0	49.5	41.0	41.0	38.0	3.34	3.23	1.22	8.34	3.38	3.38
56724	42.0	42.0	54.5	41.0	44.0	38.0	3.34	3.23	1.21	8.4	3.38	3.38
56727	45.0	45.0	55.0	41.0	43.0	38.0	3.34	3.23	1.21	8.4	3.38	3.38
56730	41.0	41.0	50.0	40.0	41.0	38.0	3.34	3.23	1.21	8.4	3.38	3.38
56733	41.0	41.0	51.0	40.0	41.0	38.0	3.34	3.23	1.21	8.4	3.38	3.38
56736	41.0	41.0	50.0	40.0	41.0	38.0	3.34	3.23	1.1	7.23	3.38	3.38
56739	41.0	41.0	50.0	40.0	41.0	38.0	3.34	3.23	1.1	7.23	3.38	3.38
56742	41.0	41.0	49.5	40.0	41.0	38.0	3.34	3.23	1.1	7.23	3.38	3.38
56745	41.0	41.0	49.5	40.0	41.0	38.0	3.34	3.23	1.1	7.23	3.38	3.38
56748	41.0	41.0	50.5	40.0	41.0	38.0	3.34	3.23	1.12	7.92	3.38	3.38
56751	41.0	41.0	50.5	40.0	41.0	38.0	3.34	3.23	1.12	7.92	3.38	3.38
56754	41.0	41.0	51.5	40.0	41.0	38.0	3.34	3.23	1.12	7.92	3.38	3.38
56757	41.0	41.0	50.0	40.0	41.0	38.0	3.34	3.23	1.12	7.92	3.38	3.38
56760	41.0	41.0	50.0	40.0	41.0	38.0	3.34	3.23	1.09	7.23	3.38	3.38
56764	41.0	41.0	49.5	40.0	41.0	38.0	3.34	3.23	1.09	7.23	3.38	3.38
56767	41.0	41.0	52.0	40.0	41.0	38.0	3.34	3.23	1.09	7.23	3.38	3.38
56770	41.0	41.0	50.5	40.0	41.0	38.0	3.34	3.23	1.09	7.23	3.38	3.38
56773	41.0	41.0	49.5	40.0	41.0	38.0	3.36	3.23	1.1	7.23	3.38	3.38
56776	41.0	41.0	50.5	40.0	41.0	38.0	3.36	3.23	1.1	7.23	3.38	3.38
56779	41.0	41.0	51.5	40.0	41.0	38.0	3.36	3.23	1.1	7.23	3.38	3.38
56782	41.0	41.0	49.5	40.0	41.0	38.0	3.36	3.23	1.1	7.23	3.38	3.38
56785	42.0	42.0	51.5	40.0	42.0	38.0	3.34	3.23	1.1	7.23	3.38	3.38
56788	41.0	41.0	51.0	40.0	42.0	38.0	3.34	3.23	1.1	7.23	3.38	3.38
56791	45.0	45.0	53.5	40.0	46.0	39.0	3.34	3.23	1.1	7.23	3.38	3.38
56794	41.0	41.0	50.5	40.0	41.0	38.0	3.34	3.23	1.1	7.23	3.38	3.38
56797	41.0	41.0	50.0	40.0	41.0	38.0	3.34	3.23	1.14	7.55	3.38	3.38
56800	41.0	41.0	49.0	40.0	41.0	38.0	3.34	3.23	1.14	7.55	3.38	3.38
56803	41.0	41.0	50.5	40.0	41.0	38.0	3.34	3.23	1.14	7.55	3.38	3.38
56806	41.0	41.0	50.5	40.0	41.0	38.0	3.34	3.23	1.14	7.55	3.38	3.38
56809	41.0	41.0	51.0	40.0	41.0	38.0	3.34	3.23	1.22	8.13	3.38	3.38
56812	41.0	41.0	49.0	40.0	41.0	38.0	3.34	3.23	1.22	8.13	3.38	3.38
56815	41.0	41.0	51.0	40.0	41.0	38.0	3.34	3.23	1.22	8.13	3.38	3.38
56819	41.0	41.0	52.0	40.0	41.0	38.0	3.34	3.23	1.22	8.13	3.38	3.38
56822	41.0	41.0	52.5	40.0	41.0	38.0	3.34	3.23	1.1	7.23	3.38	3.38
56825	43.0	43.0	51.5	40.0	44.0	38.0	3.34	3.23	1.1	7.23	3.38	3.38
56828	42.0	42.0	50.5	40.0	41.0	38.0	3.34	3.23	1.1	7.23	3.38	3.38
56831	41.0	41.0	51.0	40.0	41.0	38.0	3.34	3.23	1.1	7.23	3.38	3.38
56834	41.0	41.0	50.5	40.0	41.0	38.0	3.34	3.23	1.24	8.24	3.38	3.38
56837	41.0	41.0	50.5	40.0	41.0	38.0	3.34	3.23	1.24	8.24	3.38	3.38
56840	41.0	41.0	52.0	40.0	41.0	38.0	3.34	3.23	1.24	8.24	3.38	3.38
56843	45.0	45.0	52.5	40.0	43.0	38.0	3.34	3.23	1.24	8.24	3.38	3.38
56846	41.0	41.0	50.0	40.0	41.0	38.0	3.34	3.23	1.24	7.5	3.38	3.38
56849	42.0	42.0	53.0	40.0	43.0	38.0	3.34	3.23	1.24	7.5	3.38	3.38
56852	41.0	41.0	52.0	40.0	41.0	38.0	3.34	3.23	1.24	7.5	3.38	3.38
56855	42.0	42.0	52.5	40.0	44.0	38.0	3.34	3.23	1.24	7.5	3.38	3.38
56858	43.0	43.0	55.0	40.0	45.0	39.0	3.34	3.23	1.21	8.34	3.38	3.38
56861	41.0	41.0	54.0	40.0	44.0	38.0	3.34	3.23	1.21	8.34	3.38	3.38
56864	41.0	41.0	51.5	40.0	41.0	38.0	3.34	3.23	1.21	8.34	3.38	3.38
56867	41.0	41.0	52.5	40.0	41.0	38.0	3.34	3.23	1.21	8.34	3.38	3.38
56871	41.0	41.0	52.0	40.0	41.0	38.0	3.34	3.23	1.26	7.87	3.38	3.38
56874	41.0	41.0	50.0	40.0	41.0	38.0	3.34	3.23	1.26	7.87	3.38	3.38
56877	41.0	41.0	50.5	40.0	41.0	38.0	3.34	3.23	1.26	7.87	3.38	3.38
56880	41.0	41.0	51.5	40.0	43.0	38.0	3.34	3.23	1.26	7.87	3.38	3.38
56883	41.0	41.0	50.0	40.0	41.0	38.0	3.34	3.23	1.09	7.18	3.38	3.38
56886	41.0	41.0	51.0	40.0	41.0	38.0	3.34	3.23	1.09	7.18	3.38	3.38
56889	41.0	41.0	52.0	40.0	41.0	38.0	3.34	3.23	1.09	7.18	3.38	3.38
56892	41.0	41.0	51.0	40.0	44.0	38.0	3.34	3.23	1.09	7.18	3.38	3.38
56895	41.0	41.0	51.0	40.0	41.0	38.0	3.34	3.23	1.16	7.44	3.38	3.38
56898	41.0	41.0	50.5	40.0	41.0	38.0	3.34	3.23	1.16	7.44	3.38	3.38
56901	41.0	41.0	50.5	40.0	41.0	38.0	3.34	3.23	1.16	7.44	3.38	3.38
56904	41.0	41.0	50.5	40.0	41.0	38.0	3.34	3.23	1.16	7.44	3.38	3.38
56907	41.0	41.0	50.5	40.0	41.0	38.0	3.34	3.23	1.22	8.08	3.38	3.38
56910	43.0	43.0	49.5	40.0	41.0	38.0	3.34	3.23	1.22	8.08	3.38	3.38
56913	41.0	41.0	51.0	40.0	42.0	38.0	3.34	3.23	1.22	8.08	3.38	3.38
56916	42.0	42.0	53.5	40.0	42.0	38.0	3.34	3.23	1.22	8.08	3.38	3.38
56919	41.0	41.0	50.5	40.0	41.0	38.0	3.34	3.23	1.14	7.55	3.38	3.38
56923	41.0	41.0	54.5	40.0	43.0	38.0	3.34	3.23	1.14	7.55	3.38	3.38
56926	44.0	44.0	55.0	40.0	43.0	38.0	3.34	3.23	1.14	7.55	3.38	3.38
56929	41.0	41.0	52.5	40.0	41.0	38.0	3.34	3.23	1.14	7.55	3.38	3.38
56932	41.0	41.0	51.5	40.0	41.0	38.0	3.34	3.23	1.24	8.18	3.38	3.38
56935	41.0	41.0	52.5	40.0	42.0	38.0	3.34	3.23	1.24	8.18	3.38	3.38
56938	41.0	41.0	52.0	40.0	41.0	38.0	3.34	3.23	1.24	8.18	3.38	3.38
56941	43.0	43.0	52.5	40.0	42.0	38.0	3.34	3.23	1.24	8.18	3.38	3.38
56944	43.0	43.0	53.5	40.0	44.0	38.0	3.34	3.23	1.27	8.4	3.38	3.38
56947	41.0	41.0	52.5	40.0	42.0	38.0	3.34	3.23	1.27	8.4	3.38	3.38
56950	41.0	41.0	51.5	40.0	41.0	38.0	3.34	3.23	1.27	8.4	3.38	3.38
56953	41.0	41.0	51.5	40.0	41.0	38.0	3.34	3.23	1.27	8.4	3.38	3.38
56956	41.0	41.0	51.5	40.0	41.0	38.0	3.34	3.23	1.2	7.81	3.38	3.38
56959	41.0	41.0	50.5	40.0	41.0	38.0	3.34	3.23	1.2	7.81	3.38	3.38
56962	41.0	41.0	50.5	40.0	41.0	38.0	3.34	3.23	1.2	7.81	3.38	3.38
56965	41.0	41.0	50.0	40.0	41.0	38.0	3.34	3.23	1.2	7.81	3.38	3.38
56968	41.0	41.0	50.5	40.0	41.0	39.0	3.34	3.23	1.28	8.29	3.38	3.38
56971	42.0	42.0	51.0	40.0	42.0	38.0	3.34	3.23	1.28	8.29	3.38	3.38
56974	43.0	43.0	53.5	40.0	42.0	38.0	3.34	3.23	1.28	8.29	3.38	3.38
56978	43.0	43.0	53.0	40.0	43.0	38.0	3.34	3.23	1.28	8.29	3.38	3.38
56981	43.0	43.0	52.5	40.0	43.0	38.0	3.34	3.23	1.27	8.4	3.38	3.38
56984	42.0	42.0	51.5	40.0	41.0	38.0	3.34	3.23	1.27	8.4	3.38	3.38
56987	46.0	46.0	55.0	40.0	41.0	38.0	3.34	3.23	1.27	8.4	3.38	3.38
56990	42.0	42.0	55.5	40.0	42.0	38.0	3.34	3.23	1.27	8.4	3.38	3.38
56993	42.0	42.0	53.5	40.0	41.0	42.0	3.34	3.23	1.14	8.24	3.38	3.38
56996	44.0	44.0	52.5	40.0	41.0	38.0	3.34	3.23	1.14	8.24	3.38	3.38
56999	41.0	41.0	52.0	40.0	41.0	40.0	3.34	3.23	1.14	8.24	3.38	3.38
57002	41.0	41.0	53.5	40.0	41.0	40.0	3.34	3.23	1.14	8.24	3.38	3.38
57005	42.0	42.0	51.5	40.0	41.0	38.0	3.34	3.23	1.1	7.39	3.38	3.38
57008	41.0	41.0	51.0	40.0	43.0	38.0	3.34	3.23	1.1	7.39	3.38	3.38
57011	42.0	42.0	52.0	40.0	42.0	38.0	3.34	3.23	1.1	7.39	3.38	3.38
57014	41.0	41.0	51.0	40.0	41.0	38.0	3.34	3.23	1.1	7.39	3.38	3.38
57017	41.0	41.0	51.5	40.0	41.0	38.0	3.34	3.23	1.27	8.4	3.38	3.38
57020	41.0	41.0	50.0	40.0	41.0	38.0	3.34	3.23	1.27	8.4	3.38	3.38
57023	41.0	41.0	49.5	40.0	41.0	38.0	3.34	3.23	1.27	8.4	3.38	3.38
57026	41.0	41.0	50.5	40.0	41.0	38.0	3.34	3.23	1.27	8.4	3.38	3.38
57030	41.0	41.0	52.0	40.0	41.0	38.0	3.34	3.23	1.26	7.87	3.38	3.38
57033	41.0	41.0	49.5	40.0	41.0	38.0	3.34	3.23	1.26	7.87	3.38	3.38
57036	41.0	41.0	50.0	40.0	41.0	38.0	3.34	3.23	1.26	7.87	3.38	3.38
57039	41.0	41.0	50.0	40.0	41.0	38.0	3.34	3.23	1.26	7.87	3.38	3.38
57042	41.0	41.0	49.5	40.0	41.0	38.0	3.34	3.23	1.09	7.23	3.38	3.38
57045	41.0	41.0	50.0	40.0	41.0	38.0	3.34	3.23	1.09	7.23	3.38	3.38
57048	41.0	41.0	51.0	40.0	41.0	38.0	3.34	3.23	1.09	7.23	3.38	3.38
57051	41.0	41.0	50.0	40.0	41.0	38.0	3.34	3.23	1.09	7.23	3.38	3.38
57054	41.0	41.0	50.0	40.0	41.0	38.0	3.34	3.23	1.18	7.55	3.38	3.38
57057	43.0	43.0	54.0	40.0	45.0	39.0	3.34	3.23	1.18	7.55	3.38	3.38
57060	41.0	41.0	53.0	40.0	42.0	38.0	3.34	3.23	1.18	7.55	3.38	3.38
57063	41.0	41.0	51.5	40.0	41.0	38.0	3.34	3.23	1.18	7.55	3.38	3.38
57066	41.0	41.0	50.0	40.0	41.0	38.0	3.36	3.23	1.1	7.55	3.38	3.38
57069	41.0	41.0	50.5	40.0	41.0	38.0	3.36	3.23	1.1	7.55	3.38	3.38
57072	43.0	43.0	51.5	40.0	42.0	38.0	3.36	3.23	1.1	7.55	3.38	3.38
57075	41.0	41.0	50.5	40.0	41.0	38.0	3.36	3.23	1.1	7.55	3.38	3.38
57078	41.0	41.0	50.0	40.0	41.0	38.0	3.34	3.23	1.14	8.4	3.38	3.38
57081	41.0	41.0	50.0	40.0	41.0	38.0	3.34	3.23	1.14	8.4	3.38	3.38
57085	41.0	41.0	49.5	40.0	41.0	38.0	3.34	3.23	1.14	8.4	3.38	3.38
57088	41.0	41.0	50.0	40.0	41.0	38.0	3.34	3.23	1.14	8.4	3.38	3.38
57091	41.0	41.0	50.0	40.0	41.0	38.0	3.34	3.23	1.27	8.29	3.38	3.38
57094	41.0	41.0	50.5	40.0	41.0	38.0	3.34	3.23	1.27	8.29	3.38	3.38
57097	41.0	41.0	50.5	40.0	41.0	38.0	3.34	3.23	1.27	8.29	3.38	3.38
57100	41.0	41.0	50.5	40.0	41.0	38.0	3.34	3.23	1.27	8.29	3.38	3.38
57103	41.0	41.0	49.0	40.0	41.0	38.0	3.34	3.23	1.12	7.34	3.38	3.38
57106	41.0	41.0	50.5	40.0	41.0	38.0	3.34	3.23	1.12	7.34	3.38	3.38
57109	41.0	41.0	49.5	40.0	41.0	38.0	3.34	3.23	1.12	7.34	3.38	3.38
57112	41.0	41.0	50.0	40.0	41.0	38.0	3.34	3.23	1.12	7.34	3.38	3.38
57115	42.0	42.0	51.0	39.0	41.0	38.0	3.34	3.23	1.27	8.4	3.38	3.38
57118	41.0	41.0	50.5	39.0	42.0	38.0	3.34	3.23	1.27	8.4	3.38	3.38
57121	43.0	43.0	54.5	39.0	44.0	38.0	3.34	3.23	1.27	8.4	3.38	3.38
57124	45.0	45.0	54.5	39.0	45.0	38.0	3.34	3.23	1.27	8.4	3.38	3.38
57127	41.0	41.0	52.0	39.0	41.0	38.0	3.34	3.23	1.26	8.4	3.38	3.38
57130	43.0	43.0	52.0	39.0	41.0	38.0	3.34	3.23	1.26	8.4	3.38	3.38
57133	41.0	41.0	52.0	39.0	42.0	38.0	3.34	3.23	1.26	8.4	3.38	3.38
57137	43.0	43.0	52.5	39.0	42.0	38.0	3.34	3.23	1.26	8.4	3.38	3.38
57140	42.0	42.0	52.0	39.0	41.0	38.0	3.34	3.23	1.26	7.87	3.38	3.38
57143	41.0	41.0	52.0	39.0	42.0	38.0	3.34	3.23	1.26	7.87	3.38	3.38
57146	43.0	43.0	52.0	39.0	43.0	38.0	3.34	3.23	1.26	7.87	3.38	3.38
57149	41.0	41.0	51.5	39.0	41.0	38.0	3.34	3.23	1.26	7.87	3.38	3.38
57152	41.0	41.0	50.0	39.0	41.0	38.0	3.34	3.23	1.1	7.23	3.38	3.38
57155	41.0	41.0	50.5	39.0	41.0	38.0	3.34	3.23	1.1	7.23	3.38	3.38
57158	41.0	41.0	50.5	39.0	41.0	38.0	3.34	3.23	1.1	7.23	3.38	3.38
57161	41.0	41.0	49.0	39.0	41.0	38.0	3.34	3.23	1.1	7.23	3.38	3.38
57164	41.0	41.0	48.5	39.0	41.0	38.0	3.36	3.23	1.1	7.23	3.38	3.38
57167	41.0	41.0	49.5	39.0	41.0	38.0	3.36	3.23	1.1	7.23	3.38	3.38
57170	41.0	41.0	48.0	39.0	41.0	38.0	3.36	3.23	1.1	7.23	3.38	3.38
57173	41.0	41.0	49.5	39.0	41.0	38.0	3.36	3.23	1.1	7.23	3.38	3.38
57176	41.0	41.0	48.5	39.0	41.0	38.0	3.36	3.23	1.1	7.23	3.38	3.38
57179	42.0	42.0	51.5	39.0	42.0	38.0	3.36	3.23	1.1	7.23	3.38	3.38
57182	43.0	43.0	52.5	39.0	43.0	38.0	3.36	3.23	1.1	7.23	3.38	3.38
57185	43.0	43.0	51.5	39.0	41.0	38.0	3.36	3.23	1.1	7.23	3.38	3.38
57189	46.0	46.0	54.5	39.0	41.0	38.0	3.36	3.23	1.23	7.5	3.38	3.38
57192	41.0	41.0	53.5	39.0	43.0	39.0	3.36	3.23	1.23	7.5	3.38	3.38
57195	41.0	41.0	51.5	39.0	43.0	38.0	3.36	3.23	1.23	7.5	3.38	3.38
57198	41.0	41.0	52.0	39.0	41.0	38.0	3.36	3.23	1.23	7.5	3.38	3.38
57201	41.0	41.0	53.0	39.0	41.0	38.0	3.34	3.23	1.28	8.4	3.38	3.38
57204	42.0	42.0	53.5	39.0	41.0	38.0	3.34	3.23	1.28	8.4	3.38	3.38
57207	43.0	43.0	53.5	39.0	41.0	38.0	3.34	3.23	1.28	8.4	3.38	3.38
57210	41.0	41.0	51.5	39.0	41.0	38.0	3.34	3.23	1.28	8.4	3.38	3.38
57213	41.0	41.0	51.5	39.0	41.0	38.0	3.34	3.23	1.28	8.45	3.38	3.38
57216	44.0	44.0	52.5	39.0	41.0	38.0	3.34	3.23	1.28	8.45	3.38	3.38
57219	42.0	42.0	55.0	39.0	46.0	38.0	3.34	3.23	1.28	8.45	3.38	3.38
57222	41.0	41.0	52.5	39.0	41.0	38.0	3.34	3.23	1.28	8.45	3.38	3.38
57225	46.0	46.0	54.0	39.0	46.0	38.0	3.34	3.23	1.28	8.4	3.38	3.38
57228	45.0	45.0	51.5	39.0	41.0	38.0	3.34	3.23	1.28	8.4	3.38	3.38
57231	41.0	41.0	52.0	39.0	44.0	38.0	3.34	3.23	1.28	8.4	3.38	3.38
57234	43.0	43.0	53.0	39.0	44.0	38.0	3.34	3.23	1.28	8.4	3.38	3.38
57237	41.0	41.0	50.0	39.0	41.0	38.0	3.34	3.23	1.22	7.55	3.38	3.38
57240	41.0	41.0	51.5	39.0	41.0	38.0	3.34	3.23	1.22	7.55	3.38	3.38
57244	41.0	41.0	51.0	39.0	41.0	38.0	3.34	3.23	1.22	7.55	3.38	3.38
57247	41.0	41.0	50.5	39.0	41.0	38.0	3.34	3.23	1.22	7.55	3.38	3.38
57250	41.0	41.0	51.5	39.0	43.0	38.0	3.36	3.23	1.1	7.23	3.38	3.38
57253	43.0	43.0	54.5	39.0	44.0	38.0	3.36	3.23	1.1	7.23	3.38	3.38
57256	47.0	47.0	56.0	39.0	42.0	38.0	3.36	3.23	1.1	7.23	3.38	3.38
57259	41.0	41.0	51.0	39.0	41.0	38.0	3.36	3.23	1.1	7.23	3.38	3.38
57262	41.0	41.0	52.0	39.0	41.0	38.0	3.34	3.23	1.22	8.4	3.38	3.38
57265	42.0	42.0	51.0	39.0	41.0	38.0	3.34	3.23	1.22	8.4	3.38	3.38
57268	41.0	41.0	50.5	39.0	41.0	38.0	3.34	3.23	1.22	8.4	3.38	3.38
57271	41.0	41.0	51.5	39.0	41.0	38.0	3.34	3.23	1.22	8.4	3.38	3.38
57274	41.0	41.0	52.0	39.0	41.0	38.0	3.34	3.23	1.28	8.4	3.38	3.38
57277	41.0	41.0	51.5	39.0	41.0	38.0	3.34	3.23	1.28	8.4	3.38	3.38
57280	42.0	42.0	51.0	39.0	42.0	38.0	3.34	3.23	1.28	8.4	3.38	3.38
57283	41.0	41.0	51.0	39.0	41.0	38.0	3.34	3.23	1.28	8.4	3.38	3.38
57286	41.0	41.0	52.0	39.0	42.0	38.0	3.34	3.23	1.25	8.03	3.38	3.38
57289	41.0	41.0	52.5	39.0	41.0	38.0	3.34	3.23	1.25	8.03	3.38	3.38
57292	41.0	41.0	51.0	39.0	41.0	38.0	3.34	3.23	1.25	8.03	3.38	3.38
57296	41.0	41.0	51.0	39.0	41.0	38.0	3.34	3.23	1.25	8.03	3.38	3.38
57299	41.0	41.0	51.0	39.0	41.0	38.0	3.36	3.23	1.1	7.23	3.38	3.38
57302	41.0	41.0	50.5	39.0	41.0	38.0	3.36	3.23	1.1	7.23	3.38	3.38
57305	41.0	41.0	50.5	39.0	41.0	38.0	3.36	3.23	1.1	7.23	3.38	3.38
57308	41.0	41.0	51.0	39.0	41.0	38.0	3.36	3.23	1.1	7.23	3.38	3.38
57311	41.0	41.0	51.5	39.0	41.0	38.0	3.34	3.23	1.18	8.13	3.38	3.38
57314	41.0	41.0	51.5	39.0	41.0	38.0	3.34	3.23	1.18	8.13	3.38	3.38
57317	41.0	41.0	50.0	39.0	41.0	38.0	3.34	3.23	1.18	8.13	3.38	3.38
57320	42.0	42.0	54.5	39.0	42.0	39.0	3.34	3.23	1.18	8.13	3.38	3.38
57323	41.0	41.0	49.5	39.0	41.0	38.0	3.36	3.23	1.1	7.66	3.38	3.38
57326	44.0	44.0	52.5	39.0	45.0	38.0	3.36	3.23	1.1	7.66	3.38	3.38
57329	41.0	41.0	52.5	39.0	41.0	38.0	3.36	3.23	1.1	7.66	3.38	3.38
57332	41.0	41.0	52.0	39.0	44.0	38.0	3.36	3.23	1.1	7.66	3.38	3.38
57335	44.0	44.0	54.0	39.0	47.0	38.0	3.34	3.23	1.28	8.45	3.38	3.38
57338	45.0	45.0	54.5	39.0	44.0	38.0	3.34	3.23	1.28	8.45	3.38	3.38
57341	41.0	41.0	54.0	39.0	42.0	39.0	3.34	3.23	1.28	8.45	3.38	3.38
57344	41.0	41.0	54.0	39.0	41.0	38.0	3.34	3.23	1.28	8.45	3.38	3.38
57348	41.0	41.0	51.0	39.0	41.0	38.0	3.36	3.23	1.15	8.34	3.38	3.38
57351	42.0	42.0	54.0	39.0	41.0	39.0	3.36	3.23	1.15	8.34	3.38	3.38
57354	41.0	41.0	53.0	39.0	45.0	38.0	3.36	3.23	1.15	8.34	3.38	3.38
57357	41.0	41.0	50.5	39.0	41.0	38.0	3.36	3.23	1.15	8.34	3.38	3.38
57360	41.0	41.0	52.5	39.0	41.0	38.0	3.36	3.23	1.24	8.4	3.38	3.38
57363	41.0	41.0	53.5	39.0	41.0	38.0	3.36	3.23	1.24	8.4	3.38	3.38
57366	41.0	41.0	51.5	39.0	41.0	38.0	3.36	3.23	1.24	8.4	3.38	3.38
57369	41.0	41.0	51.5	39.0	41.0	38.0	3.36	3.23	1.24	8.4	3.38	3.38
57372	43.0	43.0	51.5	38.0	41.0	38.0	3.34	3.23	1.26	8.18	3.38	3.38
57375	41.0	41.0	51.0	38.0	41.0	38.0	3.34	3.23	1.26	8.18	3.38	3.38
57378	41.0	41.0	51.5	38.0	41.0	38.0	3.34	3.23	1.26	8.18	3.38	3.38
57381	41.0	41.0	52.5	38.0	41.0	38.0	3.34	3.23	1.26	8.18	3.38	3.38
57384	43.0	43.0	54.5	38.0	46.0	39.0	3.34	3.23	1.19	7.6	3.38	3.38
57387	45.0	45.0	54.0	38.0	41.0	38.0	3.34	3.23	1.19	7.6	3.38	3.38
57390	43.0	43.0	51.5	38.0	41.0	38.0	3.34	3.23	1.19	7.6	3.38	3.38
57393	43.0	43.0	52.0	38.0	43.0	38.0	3.34	3.23	1.19	7.6	3.38	3.38
57396	45.0	45.0	52.5	38.0	41.0	38.0	3.34	3.23	1.28	8.45	3.38	3.38
57399	45.0	45.0	53.5	38.0	41.0	38.0	3.34	3.23	1.28	8.45	3.38	3.38
57403	44.0	44.0	54.5	38.0	47.0	38.0	3.34	3.23	1.28	8.45	3.38	3.38
57406	45.0	45.0	54.5	38.0	47.0	38.0	3.34	3.23	1.28	8.45	3.38	3.38
57409	41.0	41.0	51.5	38.0	41.0	38.0	3.36	3.23	1.28	7.81	3.38	3.38
57412	41.0	41.0	51.5	38.0	41.0	38.0	3.36	3.23	1.28	7.81	3.38	3.38
57415	41.0	41.0	52.0	38.0	44.0	38.0	3.36	3.23	1.28	7.81	3.38	3.38
57418	41.0	41.0	51.0	38.0	41.0	38.0	3.36	3.23	1.28	7.81	3.38	3.38
57421	41.0	41.0	51.5	38.0	41.0	38.0	3.34	3.23	1.12	8.18	3.38	3.38
57424	41.0	41.0	51.5	38.0	41.0	38.0	3.34	3.23	1.12	8.18	3.38	3.38
57427	41.0	41.0	50.0	38.0	41.0	38.0	3.34	3.23	1.12	8.18	3.38	3.38
57430	41.0	41.0	50.5	38.0	41.0	38.0	3.34	3.23	1.12	8.18	3.38	3.38
57433	41.0	41.0	49.0	38.0	41.0	38.0	3.36	3.23	1.1	7.23	3.38	3.38
57436	42.0	42.0	51.5	38.0	41.0	38.0	3.36	3.23	1.1	7.23	3.38	3.38
57439	41.0	41.0	52.5	38.0	44.0	38.0	3.36	3.23	1.1	7.23	3.38	3.38
57442	41.0	41.0	51.0	38.0	41.0	38.0	3.36	3.23	1.1	7.23	3.38	3.38
57445	41.0	41.0	51.0	38.0	43.0	38.0	3.36	3.23	1.1	7.66	3.38	3.38
57448	43.0	43.0	53.5	38.0	43.0	38.0	3.36	3.23	1.1	7.66	3.38	3.38
57451	45.0	45.0	55.5	38.0	46.0	38.0	3.36	3.23	1.1	7.66	3.38	3.38
57455	41.0	41.0	52.0	38.0	41.0	38.0	3.36	3.23	1.1	7.66	3.38	3.38
57458	42.0	42.0	51.5	38.0	43.0	38.0	3.34	3.23	1.27	8.13	3.38	3.38
57461	41.0	41.0	53.5	38.0	42.0	38.0	3.34	3.23	1.27	8.13	3.38	3.38
57464	41.0	41.0	52.5	38.0	41.0	38.0	3.34	3.23	1.27	8.13	3.38	3.38
57467	41.0	41.0	51.5	38.0	41.0	38.0	3.34	3.23	1.27	8.13	3.38	3.38
57470	41.0	41.0	53.0	38.0	41.0	38.0	3.36	3.23	1.28	8.03	3.38	3.38
57473	41.0	41.0	50.5	38.0	41.0	38.0	3.36	3.23	1.28	8.03	3.38	3.38
57476	42.0	42.0	53.0	38.0	43.0	38.0	3.36	3.23	1.28	8.03	3.38	3.38
57479	42.0	42.0	52.5	38.0	41.0	38.0	3.36	3.23	1.28	8.03	3.38	3.38
57482	43.0	43.0	53.5	38.0	45.0	38.0	3.34	3.23	1.27	8.4	3.38	3.38
57485	43.0	43.0	52.5	38.0	41.0	38.0	3.34	3.23	1.27	8.4	3.38	3.38
57488	41.0	41.0	52.0	38.0	41.0	38.0	3.34	3.23	1.27	8.4	3.38	3.38
57491	41.0	41.0	52.0	38.0	42.0	38.0	3.34	3.23	1.27	8.4	3.38	3.38
57494	41.0	41.0	52.5	38.0	41.0	38.0	3.36	3.23	1.19	8.24	3.38	3.38
57497	41.0	41.0	51.0	38.0	41.0	38.0	3.36	3.23	1.19	8.24	3.38	3.38
57500	41.0	41.0	50.5	38.0	41.0	38.0	3.36	3.23	1.19	8.24	3.38	3.38
57503	46.0	46.0	53.0	38.0	45.0	38.0	3.36	3.23	1.19	8.24	3.38	3.38
57507	45.0	45.0	50.0	38.0	46.0	38.0	3.34	3.23	1.28	8.45	3.38	3.38
57510	41.0	41.0	51.0	38.0	41.0	38.0	3.34	3.23	1.28	8.45	3.38	3.38
57513	41.0	41.0	51.5	38.0	41.0	38.0	3.34	3.23	1.28	8.45	3.38	3.38
57516	41.0	41.0	53.5	38.0	43.0	38.0	3.34	3.23	1.28	8.45	3.38	3.38
57519	45.0	45.0	54.5	38.0	46.0	39.0	3.34	3.23	1.17	7.5	3.38	3.38
57522	41.0	41.0	52.0	38.0	41.0	38.0	3.34	3.23	1.17	7.5	3.38	3.38
57525	41.0	41.0	52.5	38.0	43.0	38.0	3.34	3.23	1.17	7.5	3.38	3.38
57528	41.0	41.0	53.5	38.0	41.0	38.0	3.34	3.23	1.17	7.5	3.38	3.38
57531	41.0	41.0	50.0	38.0	41.0	38.0	3.36	3.23	1.22	8.03	3.38	3.38
57534	41.0	41.0	52.5	38.0	41.0	38.0	3.36	3.23	1.22	8.03	3.38	3.38
57537	45.0	45.0	53.5	38.0	41.0	38.0	3.36	3.23	1.22	8.03	3.38	3.38
57540	41.0	41.0	51.0	38.0	41.0	38.0	3.36	3.23	1.22	8.03	3.38	3.38
57543	41.0	41.0	52.0	38.0	43.0	38.0	3.34	3.23	1.27	8.4	3.38	3.38
57546	41.0	41.0	51.5	38.0	41.0	38.0	3.34	3.23	1.27	8.4	3.38	3.38
57549	44.0	44.0	53.5	38.0	41.0	38.0	3.34	3.23	1.27	8.4	3.38	3.38
57552	41.0	41.0	53.0	38.0	43.0	38.0	3.34	3.23	1.27	8.4	3.38	3.38
57555	42.0	42.0	52.0	38.0	43.0	38.0	3.36	3.23	1.28	8.29	3.38	3.38
57558	46.0	46.0	53.0	38.0	42.0	38.0	3.36	3.23	1.28	8.29	3.38	3.38
57562	41.0	41.0	51.0	38.0	41.0	38.0	3.36	3.23	1.28	8.29	3.38	3.38
57565	41.0	41.0	52.0	38.0	42.0	38.0	3.36	3.23	1.28	8.29	3.38	3.38
57568	41.0	41.0	51.5	38.0	41.0	38.0	3.36	3.23	1.26	7.66	3.38	3.38
57571	41.0	41.0	51.5	38.0	41.0	38.0	3.36	3.23	1.26	7.66	3.38	3.38
57574	41.0	41.0	51.0	38.0	41.0	38.0	3.36	3.23	1.26	7.66	3.38	3.38
57577	41.0	41.0	52.0	38.0	41.0	38.0	3.36	3.23	1.26	7.66	3.38	3.38
57580	41.0	41.0	51.0	38.0	41.0	38.0	3.34	3.23	1.19	7.97	3.38	3.38
57583	41.0	41.0	53.5	38.0	44.0	38.0	3.34	3.23	1.19	7.97	3.38	3.38
57586	41.0	41.0	54.5	38.0	41.0	38.0	3.34	3.23	1.19	7.97	3.38	3.38
57589	41.0	41.0	50.0	38.0	41.0	38.0	3.34	3.23	1.19	7.97	3.38	3.38
57592	41.0	41.0	49.0	38.0	41.0	38.0	3.36	3.23	1.1	7.23	3.38	3.38
57595	41.0	41.0	49.5	38.0	41.0	38.0	3.36	3.23	1.1	7.23	3.38	3.38
57598	43.0	43.0	49.0	38.0	41.0	38.0	3.36	3.23	1.1	7.23	3.38	3.38
57601	41.0	41.0	50.0	38.0	41.0	38.0	3.36	3.23	1.1	7.23	3.38	3.38
57604	41.0	41.0	49.0	38.0	41.0	38.0	3.36	3.23	1.1	7.23	3.38	3.38
57607	41.0	41.0	48.0	38.0	41.0	38.0	3.36	3.23	1.1	7.23	3.38	3.38
57612	41.0	41.0	48.0	38.0	41.0	38.0	3.36	3.23	1.1	7.23	3.38	3.38
57616	41.0	41.0	47.5	38.0	41.0	38.0	3.36	3.23	1.1	7.23	3.38	3.38
57899	41.0	41.0	51.0	38.0	41.0	38.0	3.36	3.23	1.24	8.4	3.38	3.38
57902	41.0	41.0	46.5	38.0	41.0	38.0	3.36	3.23	1.24	8.4	3.38	3.38
57905	41.0	41.0	46.5	38.0	41.0	38.0	3.36	3.23	1.24	8.4	3.38	3.38
57909	41.0	41.0	46.5	38.0	41.0	38.0	3.36	3.23	1.24	8.4	3.38	3.38
57911	44.0	44.0	50.5	37.0	41.0	38.0	3.36	3.23	1.28	8.45	3.38	3.38
57914	41.0	41.0	46.5	37.0	41.0	38.0	3.36	3.23	1.28	8.45	3.38	3.38
57917	41.0	41.0	48.0	37.0	41.0	38.0	3.36	3.23	1.28	8.45	3.38	3.38
57921	41.0	41.0	49.5	37.0	41.0	38.0	3.36	3.23	1.28	8.45	3.38	3.38
57924	41.0	41.0	46.5	37.0	41.0	38.0	3.36	3.23	1.17	7.6	3.38	3.38
57927	41.0	41.0	46.0	37.0	41.0	38.0	3.36	3.23	1.17	7.6	3.38	3.38
57930	41.0	41.0	46.0	37.0	41.0	38.0	3.36	3.23	1.17	7.6	3.38	3.38
57933	41.0	41.0	46.0	37.0	41.0	38.0	3.36	3.23	1.17	7.6	3.38	3.38
57936	41.0	41.0	46.0	37.0	41.0	38.0	3.34	3.23	1.17	7.71	3.38	3.38
57939	41.0	41.0	46.0	37.0	41.0	38.0	3.34	3.23	1.17	7.71	3.38	3.38
57942	41.0	41.0	46.0	37.0	41.0	38.0	3.34	3.23	1.17	7.71	3.38	3.38
57945	41.0	41.0	46.5	37.0	41.0	38.0	3.34	3.23	1.17	7.71	3.38	3.38
57948	41.0	41.0	45.5	37.0	41.0	38.0	3.36	3.23	1.14	7.87	3.38	3.38
57951	41.0	41.0	45.5	37.0	41.0	38.0	3.36	3.23	1.14	7.87	3.38	3.38
57954	41.0	41.0	45.5	37.0	41.0	38.0	3.36	3.23	1.14	7.87	3.38	3.38
57957	41.0	41.0	45.0	37.0	41.0	38.0	3.36	3.23	1.14	7.87	3.38	3.38
57960	41.0	41.0	45.0	37.0	41.0	38.0	3.34	3.23	1.1	7.23	3.38	3.38
57964	41.0	41.0	45.0	37.0	41.0	38.0	3.34	3.23	1.1	7.23	3.38	3.38
